question_text,marks,diff_level,is_pyq,question_type,opt_a,opt_b,opt_c,opt_d,correct_opt,subject_name,topic_name,unit_number
Which of the following is NOT a primary function of an operating system?,2,Easy,0,MCQ,Translating source code into object code,Memory management,File management,Device management,A,Operating Systems,OS Concepts and Structure,1
An operating system acts as an interface between:,2,Easy,0,MCQ,The compiler and the linker,The user/applications and the computer hardware,The CPU and RAM only,Two networked computers,B,Operating Systems,OS Concepts and Structure,1
What is the main drawback of a monolithic kernel structure?,2,Medium,0,MCQ,It cannot support system calls,It cannot support multitasking,"All services run in one large kernel-space program, making it hard to debug and maintain",It needs a separate address space for every service,C,Operating Systems,OS Concepts and Structure,1
"In a layered operating system, a layer N can use the services of:",2,Medium,0,MCQ,Only the layers above it,Any layer,Only layer N itself,Only the layers below it,D,Operating Systems,OS Concepts and Structure,1
The main source of performance overhead in a microkernel design is:,3,Hard,0,MCQ,Message passing between user-space servers and the kernel,A very large kernel size,Absence of memory protection,Lack of multitasking support,A,Operating Systems,OS Concepts and Structure,1
Define an operating system and list its main goals.,3,Easy,0,SUBJECTIVE,,,,,,Operating Systems,OS Concepts and Structure,1
Differentiate between a monolithic kernel and a microkernel. Give one advantage of each.,3,Medium,0,SUBJECTIVE,,,,,,Operating Systems,OS Concepts and Structure,1
Explain the layered approach to operating system design with its advantages and disadvantages.,5,Medium,0,SUBJECTIVE,,,,,,Operating Systems,OS Concepts and Structure,1
"Compare simple, layered, microkernel and modular OS structures in terms of performance, security and extensibility.",5,Hard,0,SUBJECTIVE,,,,,,Operating Systems,OS Concepts and Structure,1
"Explain dual-mode operation. Why is it needed, and how does the hardware switch modes during a system call and an interrupt?",5,Hard,0,SUBJECTIVE,,,,,,Operating Systems,OS Concepts and Structure,1
Which OS service is responsible for loading a program into memory and running it?,2,Easy,0,MCQ,Accounting,Program execution,Protection,Error detection,B,Operating Systems,OS Services and User Interface,1
A command-line interpreter is also commonly known as the:,2,Easy,0,MCQ,Compiler,Kernel,Shell,Loader,C,Operating Systems,OS Services and User Interface,1
Which of the following OS services exists mainly to ensure efficient operation of the system itself?,2,Medium,0,MCQ,Program execution,I/O operations,Error detection,Resource allocation,D,Operating Systems,OS Services and User Interface,1
In which interface style are commands stored in a file and executed without interactive user input?,2,Medium,0,MCQ,Batch interface,GUI,Touch interface,Interactive CLI,A,Operating Systems,OS Services and User Interface,1
Which statement correctly distinguishes mechanism from policy in OS design?,3,Hard,0,MCQ,Mechanism determines what will be done; policy determines how,Mechanism determines how to do something; policy determines what will be done,They are synonyms,Policy is implemented only in hardware,B,Operating Systems,OS Services and User Interface,1
List any four services provided by an operating system to users and programs.,3,Easy,0,SUBJECTIVE,,,,,,Operating Systems,OS Services and User Interface,1
Differentiate between a command-line interface and a graphical user interface. Give one advantage of each.,3,Medium,0,SUBJECTIVE,,,,,,Operating Systems,OS Services and User Interface,1
"Explain the OS services that ensure efficient operation of the system: resource allocation, accounting, and protection and security.",5,Medium,0,SUBJECTIVE,,,,,,Operating Systems,OS Services and User Interface,1
Explain the separation of mechanism and policy in OS design. Illustrate with an example from CPU scheduling or memory protection.,5,Hard,0,SUBJECTIVE,,,,,,Operating Systems,OS Services and User Interface,1
"Discuss how an OS provides protection and security in a multi-user system, and distinguish between the two terms.",5,Hard,0,SUBJECTIVE,,,,,,Operating Systems,OS Services and User Interface,1
System calls provide an interface between:,2,Easy,0,MCQ,Hardware and firmware,Two networked computers,A running program and the operating system,The compiler and the linker,C,Operating Systems,System Calls,1
"In UNIX, which system call is used to create a new process?",2,Easy,0,MCQ,exec(),wait(),exit(),fork(),D,Operating Systems,System Calls,1
Which of the following is NOT a common method of passing parameters to the OS in a system call?,2,Medium,0,MCQ,Through the compiler symbol table,In registers,In a memory block whose address is in a register,On the stack,A,Operating Systems,System Calls,1
"The system calls open(), read() and close() belong to which category?",2,Medium,0,MCQ,Process control,File management,Device management,Information maintenance,B,Operating Systems,System Calls,1
"When a user program invokes a system call, the CPU:",3,Hard,0,MCQ,Remains in user mode throughout,Halts all other processes permanently,"Traps into kernel mode, runs the service routine, and returns to user mode",Copies the kernel into user space,C,Operating Systems,System Calls,1
What is a system call? Give two examples.,3,Easy,0,SUBJECTIVE,,,,,,Operating Systems,System Calls,1
List the main categories of system calls with one example of each.,3,Medium,0,SUBJECTIVE,,,,,,Operating Systems,System Calls,1
Explain the three methods of passing parameters to the operating system during a system call.,5,Medium,0,SUBJECTIVE,,,,,,Operating Systems,System Calls,1
"Describe step by step how a system call such as read() is executed, from the user program to the kernel and back. Include the role of the trap instruction and the system-call table.",5,Hard,0,SUBJECTIVE,,,,,,Operating Systems,System Calls,1
Differentiate between system calls and an API such as POSIX. Why do programmers usually use the API rather than invoking system calls directly?,5,Hard,0,SUBJECTIVE,,,,,,Operating Systems,System Calls,1
Which UNIX command lists the files in a directory?,2,Easy,0,MCQ,cd,pwd,rm,ls,D,Operating Systems,UNIX Commands and Command Structure,1
The pwd command displays:,2,Easy,0,MCQ,The present working directory,The user's password,Process work details,The previous working directory,A,Operating Systems,UNIX Commands and Command Structure,1
Which of the following is an internal (built-in) shell command?,2,Medium,0,MCQ,ls,cd,cat,grep,B,Operating Systems,UNIX Commands and Command Structure,1
"In the command 'ls -l /home', the '-l' is called a(n):",2,Medium,0,MCQ,Argument,Pipe,Option,File name,C,Operating Systems,UNIX Commands and Command Structure,1
Which statement is true of external commands in UNIX?,3,Hard,0,MCQ,They are part of the shell's own code,They run without creating any process,They do not need the PATH variable,They exist as separate executable files and the shell runs them in a child process (fork and exec),D,Operating Systems,UNIX Commands and Command Structure,1
Explain the general structure of a UNIX command with an example.,3,Easy,0,SUBJECTIVE,,,,,,Operating Systems,UNIX Commands and Command Structure,1
Differentiate between internal and external commands in UNIX with two examples of each.,3,Medium,0,SUBJECTIVE,,,,,,Operating Systems,UNIX Commands and Command Structure,1
"Explain the UNIX file system hierarchy and the purpose of the directories /bin, /etc, /home, /tmp and /dev.",5,Medium,0,SUBJECTIVE,,,,,,Operating Systems,UNIX Commands and Command Structure,1
"Explain how the shell executes an external command using fork(), exec() and wait(). What happens when the command is a shell built-in?",5,Hard,0,SUBJECTIVE,,,,,,Operating Systems,UNIX Commands and Command Structure,1
"Explain UNIX file permissions (r, w, x), the chmod command in symbolic and octal modes, and state the effect of 'chmod 754 file'.",5,Hard,0,SUBJECTIVE,,,,,,Operating Systems,UNIX Commands and Command Structure,1
Which filter command is used to search for a pattern in a file?,2,Easy,0,MCQ,grep,sort,head,wc,A,Operating Systems,Filters and the vi Editor,1
Which vi mode is used to type text into a file?,2,Easy,0,MCQ,Command mode,Insert mode,Last-line mode,Read-only mode,B,Operating Systems,Filters and the vi Editor,1
The command 'wc -l file.txt' prints the number of:,2,Medium,0,MCQ,Words in the file,Characters in the file,Lines in the file,Files in the directory,C,Operating Systems,Filters and the vi Editor,1
"In vi, which command saves the file and quits the editor?",2,Medium,0,MCQ,:q!,dd,:w!,:wq,D,Operating Systems,Filters and the vi Editor,1
What does the pipeline 'sort -u names.txt | wc -l' output?,3,Hard,0,MCQ,The number of unique lines in names.txt,The total number of lines including duplicates,The number of words in names.txt,The sorted contents of names.txt,A,Operating Systems,Filters and the vi Editor,1
What is a filter in UNIX? List any four filter commands.,3,Easy,0,SUBJECTIVE,,,,,,Operating Systems,Filters and the vi Editor,1
"Write the vi commands to (a) delete a line, (b) copy a line and paste it, (c) search for a word, and (d) save and quit.",3,Medium,0,SUBJECTIVE,,,,,,Operating Systems,Filters and the vi Editor,1
"Explain the working of the commands cut, sort, uniq and tr with one example of each.",5,Medium,0,SUBJECTIVE,,,,,,Operating Systems,Filters and the vi Editor,1
Write a command pipeline to find the five most frequent words in a text file. Explain each stage of the pipeline.,5,Hard,0,SUBJECTIVE,,,,,,Operating Systems,Filters and the vi Editor,1
"Explain the three modes of the vi editor and the transitions between them, with commonly used commands in each mode.",5,Hard,0,SUBJECTIVE,,,,,,Operating Systems,Filters and the vi Editor,1
Which of the following is NOT a standard process state?,2,Easy,0,MCQ,Compiling,New,Ready,Terminated,A,Operating Systems,Process Concept and Operations,2
The data structure used by the OS to store all information about a process is the:,2,Easy,0,MCQ,Translation Lookaside Buffer,Process Control Block (PCB),Page table,Inode,B,Operating Systems,Process Concept and Operations,2
Which of the following is stored in the PCB?,2,Medium,0,MCQ,Only the process name,The compiler used to build the program,Program counter and CPU register contents,The monitor settings,C,Operating Systems,Process Concept and Operations,2
The time the OS takes to switch the CPU from one process to another is called:,2,Medium,0,MCQ,Turnaround time,Waiting time,Response time,Context-switch time,D,Operating Systems,Process Concept and Operations,2
A process that has terminated but whose parent has not yet called wait() is called a:,3,Hard,0,MCQ,Zombie process,Orphan process,Daemon process,Thread,A,Operating Systems,Process Concept and Operations,2
Define a process. How does a process differ from a program?,3,Easy,0,SUBJECTIVE,,,,,,Operating Systems,Process Concept and Operations,2
Draw and explain the five-state process transition diagram.,3,Medium,0,SUBJECTIVE,,,,,,Operating Systems,Process Concept and Operations,2
What is a PCB? List its fields and explain its role in a context switch.,5,Medium,0,SUBJECTIVE,,,,,,Operating Systems,Process Concept and Operations,2
"Explain process creation in UNIX using fork(). If a program calls fork() three times in sequence without any conditionals, how many processes exist in total? Justify your answer.",5,Hard,0,SUBJECTIVE,,,,,,Operating Systems,Process Concept and Operations,2
Differentiate between zombie and orphan processes. How does UNIX handle each of them?,5,Hard,0,SUBJECTIVE,,,,,,Operating Systems,Process Concept and Operations,2
Threads belonging to the same process share:,2,Easy,0,MCQ,The stack,The code and data sections,The registers,The program counter,B,Operating Systems,Threads and Multithreading Models,2
Which of the following is an advantage of multithreading?,2,Easy,0,MCQ,No need for synchronization,Slower context switching,Improved responsiveness,Higher memory consumption per thread,C,Operating Systems,Threads and Multithreading Models,2
"In the many-to-one threading model, if one thread makes a blocking system call:",2,Medium,0,MCQ,Only that thread blocks,The kernel schedules the other threads,Nothing happens,The entire process blocks,D,Operating Systems,Threads and Multithreading Models,2
Which threading model maps each user thread to its own kernel thread?,2,Medium,0,MCQ,One-to-one,Many-to-one,Many-to-many,Process-to-process,A,Operating Systems,Threads and Multithreading Models,2
Which of the following is a threading issue?,3,Hard,0,MCQ,Choosing thread names,The semantics of fork() and exec() in a multithreaded process,Compiler optimization levels,Disk formatting,B,Operating Systems,Threads and Multithreading Models,2
What is a thread? Name two benefits of multithreading.,3,Easy,0,SUBJECTIVE,,,,,,Operating Systems,Threads and Multithreading Models,2
Differentiate between a process and a thread.,3,Medium,0,SUBJECTIVE,,,,,,Operating Systems,Threads and Multithreading Models,2
"Explain the many-to-one, one-to-one and many-to-many multithreading models with their advantages and disadvantages.",5,Medium,0,SUBJECTIVE,,,,,,Operating Systems,Threads and Multithreading Models,2
"Discuss threading issues: fork() and exec() semantics, thread cancellation, signal handling and thread-specific data.",5,Hard,0,SUBJECTIVE,,,,,,Operating Systems,Threads and Multithreading Models,2
"Differentiate between user-level and kernel-level threads in terms of creation cost, scheduling and blocking behaviour.",5,Hard,0,SUBJECTIVE,,,,,,Operating Systems,Threads and Multithreading Models,2
Which scheduling algorithm is non-preemptive and serves processes strictly in order of arrival?,2,Easy,0,MCQ,Round Robin,Shortest Remaining Time First,First-Come First-Served (FCFS),Preemptive priority,C,Operating Systems,CPU Scheduling Algorithms,2
The waiting time of a process is equal to:,2,Easy,0,MCQ,Completion time minus arrival time,First response time minus arrival time,Burst time minus arrival time,Turnaround time minus burst time,D,Operating Systems,CPU Scheduling Algorithms,2
Which algorithm gives the minimum average waiting time for a set of processes that all arrive at time 0?,2,Medium,0,MCQ,Shortest Job First (SJF),FCFS,Round Robin,Priority scheduling,A,Operating Systems,CPU Scheduling Algorithms,2
"Processes P1, P2, P3 arrive at time 0 with burst times 24, 3 and 3 ms and are served FCFS in that order. The average waiting time is:",2,Medium,0,MCQ,3 ms,17 ms,13 ms,27 ms,B,Operating Systems,CPU Scheduling Algorithms,2
"Processes P1, P2, P3, P4 arrive at time 0 with burst times 6, 8, 7 and 3 ms. Under non-preemptive SJF, the average waiting time is:",3,Hard,0,MCQ,8 ms,9 ms,7 ms,6.5 ms,C,Operating Systems,CPU Scheduling Algorithms,2
List the criteria used to compare CPU scheduling algorithms.,3,Easy,0,SUBJECTIVE,,,,,,Operating Systems,CPU Scheduling Algorithms,2
Explain the convoy effect with an example.,3,Medium,0,SUBJECTIVE,,,,,,Operating Systems,CPU Scheduling Algorithms,2
Explain Round Robin scheduling. How does the choice of time quantum affect performance?,5,Medium,0,SUBJECTIVE,,,,,,Operating Systems,CPU Scheduling Algorithms,2
"Processes P1 (arrival 0, burst 5), P2 (1, 3), P3 (2, 1) and P4 (3, 2) are scheduled using SRTF (preemptive SJF). Draw the Gantt chart and compute the average waiting time and average turnaround time.",5,Hard,0,SUBJECTIVE,,,,,,Operating Systems,CPU Scheduling Algorithms,2
Explain multilevel queue and multilevel feedback queue scheduling. How does a feedback queue help prevent starvation?,5,Hard,0,SUBJECTIVE,,,,,,Operating Systems,CPU Scheduling Algorithms,2
Which of the following is an inter-process communication mechanism?,2,Easy,0,MCQ,Compilers,Linkers,Loaders,Pipes,D,Operating Systems,Inter-process Communication and the Critical Section Problem,2
A critical section is:,2,Easy,0,MCQ,A code segment accessing shared resources that only one process may execute at a time,A code segment containing errors,A section of code that runs only in the kernel,Any code segment containing loops,A,Operating Systems,Inter-process Communication and the Critical Section Problem,2
Which of the following is NOT a requirement for a solution to the critical-section problem?,2,Medium,0,MCQ,Mutual exclusion,Higher CPU clock speed,Progress,Bounded waiting,B,Operating Systems,Inter-process Communication and the Critical Section Problem,2
The shared variables used in Peterson's solution for two processes are:,2,Medium,0,MCQ,A semaphore and a mutex,Only turn,flag[2] and turn,A lock and a key,C,Operating Systems,Inter-process Communication and the Critical Section Problem,2
Which hardware instruction is commonly used to implement locks atomically?,3,Hard,0,MCQ,Push,Jump,No-operation,Test-and-Set,D,Operating Systems,Inter-process Communication and the Critical Section Problem,2
State the three requirements that a solution to the critical-section problem must satisfy.,3,Easy,0,SUBJECTIVE,,,,,,Operating Systems,Inter-process Communication and the Critical Section Problem,2
Differentiate between shared-memory and message-passing inter-process communication.,3,Medium,0,SUBJECTIVE,,,,,,Operating Systems,Inter-process Communication and the Critical Section Problem,2
Explain Peterson's solution to the critical-section problem and show that it satisfies mutual exclusion.,5,Medium,0,SUBJECTIVE,,,,,,Operating Systems,Inter-process Communication and the Critical Section Problem,2
What is a race condition? Illustrate with the counter++ and counter-- example at the machine-instruction level.,5,Hard,0,SUBJECTIVE,,,,,,Operating Systems,Inter-process Communication and the Critical Section Problem,2
Explain the Test-and-Set and Compare-and-Swap instructions and show how each implements a spinlock. Discuss the busy-waiting problem.,5,Hard,0,SUBJECTIVE,,,,,,Operating Systems,Inter-process Communication and the Critical Section Problem,2
A semaphore is:,2,Easy,0,MCQ,An integer variable accessed only through wait() and signal(),A type of CPU register,A compiler tool,A kind of file,A,Operating Systems,Semaphores and Classical Synchronization Problems,2
The value of a binary semaphore can be:,2,Easy,0,MCQ,Any integer,0 or 1,Only negative values,0 to 255,B,Operating Systems,Semaphores and Classical Synchronization Problems,2
"In the Dining-Philosophers problem with five philosophers and five chopsticks, deadlock can occur if:",2,Medium,0,MCQ,Only one philosopher eats at a time,Philosophers think forever,Every philosopher picks up the left chopstick at the same time,There are more chopsticks than philosophers,C,Operating Systems,Semaphores and Classical Synchronization Problems,2
A semaphore S is initialised to 1. P1 executes wait(S) and then P2 executes wait(S). P2 will:,2,Medium,0,MCQ,Proceed immediately,Terminate,Cause an error,Block,D,Operating Systems,Semaphores and Classical Synchronization Problems,2
"In the semaphore solution to the bounded-buffer problem with n slots, the semaphores mutex, empty and full are initialised to:",3,Hard,0,MCQ,"1, n and 0 respectively","0, n and 1 respectively","1, 0 and n respectively","n, 1 and 0 respectively",A,Operating Systems,Semaphores and Classical Synchronization Problems,2
Define a semaphore. Differentiate between counting and binary semaphores.,3,Easy,0,SUBJECTIVE,,,,,,Operating Systems,Semaphores and Classical Synchronization Problems,2
What is the difference between a mutex lock and a semaphore?,3,Medium,0,SUBJECTIVE,,,,,,Operating Systems,Semaphores and Classical Synchronization Problems,2
Write the semaphore solution to the bounded-buffer producer-consumer problem and explain how it works.,5,Medium,0,SUBJECTIVE,,,,,,Operating Systems,Semaphores and Classical Synchronization Problems,2
Explain the readers-writers problem (first variant) with a semaphore solution. Discuss how starvation can occur.,5,Hard,0,SUBJECTIVE,,,,,,Operating Systems,Semaphores and Classical Synchronization Problems,2
Explain the Dining-Philosophers problem. Give a deadlock-free solution and explain why it prevents deadlock.,5,Hard,0,SUBJECTIVE,,,,,,Operating Systems,Semaphores and Classical Synchronization Problems,2
Which of the following is NOT a necessary condition for deadlock?,2,Easy,0,MCQ,Preemption,Mutual exclusion,Hold and wait,Circular wait,A,Operating Systems,"Deadlock Characterization, Detection and Recovery",3
"In a resource-allocation graph where every resource type has a single instance, a cycle implies:",2,Easy,0,MCQ,A safe state,A deadlock,Starvation only,No problem at all,B,Operating Systems,"Deadlock Characterization, Detection and Recovery",3
Which of the following is a method of recovering from deadlock?,2,Medium,0,MCQ,Paging,Segmentation,Resource preemption,Spooling,C,Operating Systems,"Deadlock Characterization, Detection and Recovery",3
"A system has 3 identical resource units, and each process needs at most 2 units. What is the maximum number of processes for which the system is guaranteed to be deadlock-free?",2,Medium,0,MCQ,1,3,4,2,D,Operating Systems,"Deadlock Characterization, Detection and Recovery",3
"For single-instance resources, a wait-for graph is obtained from the resource-allocation graph by:",3,Hard,0,MCQ,Removing resource nodes and collapsing the corresponding edges,Adding a claim edge for every process,Reversing all request edges,Removing all process nodes,A,Operating Systems,"Deadlock Characterization, Detection and Recovery",3
Define deadlock. List the four necessary conditions for it to occur.,3,Easy,0,SUBJECTIVE,,,,,,Operating Systems,"Deadlock Characterization, Detection and Recovery",3
Differentiate between a resource-allocation graph and a wait-for graph.,3,Medium,0,SUBJECTIVE,,,,,,Operating Systems,"Deadlock Characterization, Detection and Recovery",3
Explain the deadlock detection algorithm for systems with multiple instances of each resource type.,5,Medium,0,SUBJECTIVE,,,,,,Operating Systems,"Deadlock Characterization, Detection and Recovery",3
"Explain recovery from deadlock by process termination and by resource preemption. Discuss victim selection, rollback and starvation.",5,Hard,0,SUBJECTIVE,,,,,,Operating Systems,"Deadlock Characterization, Detection and Recovery",3
"Draw a resource-allocation graph with processes P1, P2, P3 and single-instance resources R1, R2 that contains a deadlock. Explain how you verify the deadlock and show a change that removes it.",5,Hard,0,SUBJECTIVE,,,,,,Operating Systems,"Deadlock Characterization, Detection and Recovery",3
Deadlock prevention works by:,2,Easy,0,MCQ,Allowing all four conditions to hold,Ensuring that at least one of the necessary conditions can never hold,Ignoring deadlocks,Rebooting the system periodically,B,Operating Systems,Deadlock Prevention and Avoidance,3
The Banker's algorithm is used for:,2,Easy,0,MCQ,Memory allocation,CPU scheduling,Deadlock avoidance,Disk scheduling,C,Operating Systems,Deadlock Prevention and Avoidance,3
A system state is called safe if:,2,Medium,0,MCQ,No process is currently running,All resources are free,Every process holds its maximum claim,There exists a sequence in which every process can run to completion,D,Operating Systems,Deadlock Prevention and Avoidance,3
Requiring processes to request resources in an increasing global order prevents which condition?,2,Medium,0,MCQ,Circular wait,Mutual exclusion,Hold and wait,No preemption,A,Operating Systems,Deadlock Prevention and Avoidance,3
A system has 12 tape drives. P0 has a maximum need of 10 and holds 5; P1 has a maximum need of 4 and holds 2; P2 has a maximum need of 9 and holds 2. Which is a safe sequence?,3,Hard,0,MCQ,"P0, P1, P2","P1, P0, P2","P2, P0, P1","P0, P2, P1",B,Operating Systems,Deadlock Prevention and Avoidance,3
Explain how mutual exclusion and hold-and-wait can be denied to prevent deadlock. What are the drawbacks?,3,Easy,0,SUBJECTIVE,,,,,,Operating Systems,Deadlock Prevention and Avoidance,3
Differentiate between deadlock prevention and deadlock avoidance.,3,Medium,0,SUBJECTIVE,,,,,,Operating Systems,Deadlock Prevention and Avoidance,3
Explain the resource-allocation-graph algorithm for deadlock avoidance using claim edges.,5,Medium,0,SUBJECTIVE,,,,,,Operating Systems,Deadlock Prevention and Avoidance,3
"Five processes P0-P4 and three resource types A (10 instances), B (5) and C (7). Allocation: P0 (0,1,0), P1 (2,0,0), P2 (3,0,2), P3 (2,1,1), P4 (0,0,2). Max: P0 (7,5,3), P1 (3,2,2), P2 (9,0,2), P3 (2,2,2), P4 (4,3,3). Use the Banker's algorithm to decide whether the system is in a safe state and find a safe sequence.",5,Hard,0,SUBJECTIVE,,,,,,Operating Systems,Deadlock Prevention and Avoidance,3
"Explain the resource-request algorithm of the Banker's algorithm, including the conditions under which a request is granted or delayed.",5,Hard,0,SUBJECTIVE,,,,,,Operating Systems,Deadlock Prevention and Avoidance,3
Physical memory divided into fixed-size blocks is called:,2,Easy,0,MCQ,Pages,Segments,Frames,Sectors,C,Operating Systems,"Contiguous Allocation, Swapping and Paging",3
Which problem is characteristic of contiguous memory allocation?,2,Easy,0,MCQ,Thrashing,Belady's anomaly,Convoy effect,External fragmentation,D,Operating Systems,"Contiguous Allocation, Swapping and Paging",3
A system has 32-bit logical addresses and 4 KB pages. How many bits are used for the page offset?,2,Medium,0,MCQ,12,10,20,32,A,Operating Systems,"Contiguous Allocation, Swapping and Paging",3
Which placement strategy allocates the largest available hole?,2,Medium,0,MCQ,Best fit,Worst fit,First fit,Smallest fit,B,Operating Systems,"Contiguous Allocation, Swapping and Paging",3
"A system uses 32-bit logical addresses, 4 KB pages and a single-level page table with 4-byte entries. The size of the page table is:",3,Hard,0,MCQ,1 MB,2 MB,4 MB,8 MB,C,Operating Systems,"Contiguous Allocation, Swapping and Paging",3
What is swapping? Why is it used?,3,Easy,0,SUBJECTIVE,,,,,,Operating Systems,"Contiguous Allocation, Swapping and Paging",3
Differentiate between internal and external fragmentation.,3,Medium,0,SUBJECTIVE,,,,,,Operating Systems,"Contiguous Allocation, Swapping and Paging",3
"Explain first-fit, best-fit and worst-fit allocation. Place requests of 212K, 417K, 112K and 426K into holes of 100K, 500K, 200K, 300K and 600K using first fit and best fit.",5,Medium,0,SUBJECTIVE,,,,,,Operating Systems,"Contiguous Allocation, Swapping and Paging",3
"Explain paging hardware with a TLB. Compute the effective access time if the TLB hit ratio is 80%, TLB lookup takes 20 ns and a memory access takes 100 ns.",5,Hard,0,SUBJECTIVE,,,,,,Operating Systems,"Contiguous Allocation, Swapping and Paging",3
"Explain hierarchical, hashed and inverted page tables, with their space and time trade-offs.",5,Hard,0,SUBJECTIVE,,,,,,Operating Systems,"Contiguous Allocation, Swapping and Paging",3
Segmentation supports which view of memory?,2,Easy,0,MCQ,A single flat array of bytes,Only fixed-size partitions,Only data without code,The user's view of a program as a collection of logical units,D,Operating Systems,Segmentation and Demand Paging,3
A page fault occurs when:,2,Easy,0,MCQ,The referenced page is not in main memory,The CPU is idle,The disk is full,The page is present in the cache,A,Operating Systems,Segmentation and Demand Paging,3
"In demand paging, a valid-invalid bit set to invalid means the page is:",2,Medium,0,MCQ,Legal and in memory,Not in memory or not a legal page of the process,Dirty,Locked in memory,B,Operating Systems,Segmentation and Demand Paging,3
"Memory access time is 200 ns, page-fault service time is 8 ms and the page-fault rate is 1 in 1000. The effective access time is approximately:",2,Medium,0,MCQ,200 ns,8 ms,8.2 microseconds,1 microsecond,C,Operating Systems,Segmentation and Demand Paging,3
Copy-on-write is useful because:,3,Hard,0,MCQ,It eliminates the need for page tables,It removes fragmentation,It disables page sharing,The parent and child share pages initially and a page is copied only when one of them modifies it,D,Operating Systems,Segmentation and Demand Paging,3
What is virtual memory? List its benefits.,3,Easy,0,SUBJECTIVE,,,,,,Operating Systems,Segmentation and Demand Paging,3
Differentiate between paging and segmentation.,3,Medium,0,SUBJECTIVE,,,,,,Operating Systems,Segmentation and Demand Paging,3
Explain the steps involved in handling a page fault in demand paging.,5,Medium,0,SUBJECTIVE,,,,,,Operating Systems,Segmentation and Demand Paging,3
"Explain segmentation with a segment table. Given segments 0 (base 219, limit 600), 1 (2300, 14), 2 (90, 100), 3 (1327, 580) and 4 (1952, 96), translate the logical addresses (2, 53) and (1, 15).",5,Hard,0,SUBJECTIVE,,,,,,Operating Systems,Segmentation and Demand Paging,3
"Explain frame allocation: equal versus proportional allocation, and global versus local page replacement.",5,Hard,0,SUBJECTIVE,,,,,,Operating Systems,Segmentation and Demand Paging,3
Which page-replacement algorithm replaces the page that will not be used for the longest time in the future?,2,Easy,0,MCQ,Optimal,FIFO,LRU,Clock,A,Operating Systems,Page Replacement and Thrashing,3
Thrashing is:,2,Easy,0,MCQ,A hardware failure,Excessive paging activity that leaves the CPU underutilised,A very fast CPU,A kind of deadlock,B,Operating Systems,Page Replacement and Thrashing,3
Belady's anomaly can occur with which algorithm?,2,Medium,0,MCQ,LRU,Optimal,FIFO,Any stack algorithm,C,Operating Systems,Page Replacement and Thrashing,3
"For the reference string 7 0 1 2 0 3 0 4 2 3 0 3 2 1 2 0 1 7 0 1 with 3 frames, LRU causes how many page faults?",2,Medium,0,MCQ,9,15,10,12,D,Operating Systems,Page Replacement and Thrashing,3
"For the reference string 1 2 3 4 1 2 5 1 2 3 4 5, FIFO with 4 frames causes how many page faults?",3,Hard,0,MCQ,10,8,9,12,A,Operating Systems,Page Replacement and Thrashing,3
What is thrashing? State one cause.,3,Easy,0,SUBJECTIVE,,,,,,Operating Systems,Page Replacement and Thrashing,3
Explain Belady's anomaly with the reference string 1 2 3 4 1 2 5 1 2 3 4 5.,3,Medium,0,SUBJECTIVE,,,,,,Operating Systems,Page Replacement and Thrashing,3
Explain LRU page replacement and two ways to implement it (counters and stack).,5,Medium,0,SUBJECTIVE,,,,,,Operating Systems,Page Replacement and Thrashing,3
"For the reference string 7 0 1 2 0 3 0 4 2 3 0 3 2 1 2 0 1 7 0 1 and 3 frames, compute the number of page faults for FIFO, LRU and Optimal replacement.",5,Hard,0,SUBJECTIVE,,,,,,Operating Systems,Page Replacement and Thrashing,3
Explain the working-set model and the page-fault-frequency scheme for controlling thrashing.,5,Hard,0,SUBJECTIVE,,,,,,Operating Systems,Page Replacement and Thrashing,3
Which of the following is a file attribute?,2,Easy,0,MCQ,Name,Compiler,Thread,Semaphore,A,Operating Systems,File Concepts and Access Methods,4
Which file access method reads records one after another in order?,2,Easy,0,MCQ,Direct access,Sequential access,Indexed access,Hashed access,B,Operating Systems,File Concepts and Access Methods,4
The direct access method is based on:,2,Medium,0,MCQ,A tape model of a file,A stack model,"A disk model of a file, allowing random access to fixed-length blocks",A queue model,C,Operating Systems,File Concepts and Access Methods,4
"In UNIX, the open() system call returns:",2,Medium,0,MCQ,The inode number,The file size,The full path name,A file descriptor,D,Operating Systems,File Concepts and Access Methods,4
Which items does the system-wide open-file table typically maintain for each open file?,3,Hard,0,MCQ,"File pointer information, access rights and an open count",Only the file name,CPU register contents,The shell environment,A,Operating Systems,File Concepts and Access Methods,4
What is a file? List its attributes.,3,Easy,0,SUBJECTIVE,,,,,,Operating Systems,File Concepts and Access Methods,4
Differentiate between sequential and direct access methods.,3,Medium,0,SUBJECTIVE,,,,,,Operating Systems,File Concepts and Access Methods,4
Explain the common file operations and the roles of the per-process and system-wide open-file tables.,5,Medium,0,SUBJECTIVE,,,,,,Operating Systems,File Concepts and Access Methods,4
Explain the indexed sequential access method and how it reduces search time for large files.,5,Hard,0,SUBJECTIVE,,,,,,Operating Systems,File Concepts and Access Methods,4
"Explain file types and file structure, and describe how UNIX treats devices and directories as files.",5,Hard,0,SUBJECTIVE,,,,,,Operating Systems,File Concepts and Access Methods,4
A major drawback of a single-level directory is:,2,Easy,0,MCQ,Very deep paths,Naming conflicts between users' files,Slow main memory,Lack of any file names,B,Operating Systems,Directory Structure and File-System Implementation,4
Which directory structure allows files to be shared through links but forbids cycles?,2,Easy,0,MCQ,Single-level directory,Two-level directory,Acyclic-graph directory,General graph directory,C,Operating Systems,Directory Structure and File-System Implementation,4
An absolute path name begins from:,2,Medium,0,MCQ,The current directory,The user's home directory,The parent directory,The root directory,D,Operating Systems,Directory Structure and File-System Implementation,4
Which directory implementation offers fast search but suffers from collisions and fixed size?,2,Medium,0,MCQ,Hash table,Linear list,B-tree,Sorted list,A,Operating Systems,Directory Structure and File-System Implementation,4
"In UNIX, what happens when a file with multiple hard links is deleted using rm?",3,Hard,0,MCQ,The data is freed immediately,The link count is decremented and the data is freed only when it reaches zero,All links are removed at once,The command always fails,B,Operating Systems,Directory Structure and File-System Implementation,4
Explain the two-level directory structure with one advantage and one disadvantage.,3,Easy,0,SUBJECTIVE,,,,,,Operating Systems,Directory Structure and File-System Implementation,4
Differentiate between a hard link and a symbolic link.,3,Medium,0,SUBJECTIVE,,,,,,Operating Systems,Directory Structure and File-System Implementation,4
Compare linear-list and hash-table implementations of a directory.,5,Medium,0,SUBJECTIVE,,,,,,Operating Systems,Directory Structure and File-System Implementation,4
"Explain the layered structure of a file system: application programs, logical file system, file-organization module, basic file system, I/O control and devices.",5,Hard,0,SUBJECTIVE,,,,,,Operating Systems,Directory Structure and File-System Implementation,4
"Explain the problems of acyclic-graph and general-graph directories (dangling pointers, cycles) and the solutions.",5,Hard,0,SUBJECTIVE,,,,,,Operating Systems,Directory Structure and File-System Implementation,4
Which file allocation method requires a file to occupy contiguous disk blocks?,2,Easy,0,MCQ,Linked allocation,Indexed allocation,Contiguous allocation,FAT allocation,C,Operating Systems,Allocation Methods and Free-Space Management,4
"In linked allocation, each disk block contains:",2,Easy,0,MCQ,The entire file,The inode,The directory entry,A pointer to the next block of the file,D,Operating Systems,Allocation Methods and Free-Space Management,4
Which access pattern is inefficient with linked allocation?,2,Medium,0,MCQ,Direct (random) access,Sequential access,Appending to a file,Deleting a file,A,Operating Systems,Allocation Methods and Free-Space Management,4
"In a bit-vector free-space map, each bit represents:",2,Medium,0,MCQ,One file,One disk block,One directory,One process,B,Operating Systems,Allocation Methods and Free-Space Management,4
A UNIX inode uses 4 KB blocks and 4-byte pointers. How many data blocks can be addressed through the single indirect block?,3,Hard,0,MCQ,256,512,1024,2048,C,Operating Systems,Allocation Methods and Free-Space Management,4
List the three major disk-space allocation methods.,3,Easy,0,SUBJECTIVE,,,,,,Operating Systems,Allocation Methods and Free-Space Management,4
Compare the bit-vector and linked-list methods of free-space management.,3,Medium,0,SUBJECTIVE,,,,,,Operating Systems,Allocation Methods and Free-Space Management,4
Explain contiguous allocation with its advantages and disadvantages.,5,Medium,0,SUBJECTIVE,,,,,,Operating Systems,Allocation Methods and Free-Space Management,4
"Explain indexed allocation and the UNIX inode structure. Compute the maximum file size with 12 direct pointers, one single indirect and one double indirect pointer, 4 KB blocks and 4-byte pointers.",5,Hard,0,SUBJECTIVE,,,,,,Operating Systems,Allocation Methods and Free-Space Management,4
Explain FAT allocation and compare it with linked and indexed allocation.,5,Hard,0,SUBJECTIVE,,,,,,Operating Systems,Allocation Methods and Free-Space Management,4
Seek time is the time taken to:,2,Easy,0,MCQ,Rotate the desired sector under the head,Transfer data to memory,Load the operating system,Move the disk head to the desired cylinder,D,Operating Systems,"Disk Structure, Scheduling and Management",4
Which disk-scheduling algorithm services requests in the order they arrive?,2,Easy,0,MCQ,FCFS,SSTF,SCAN,C-LOOK,A,Operating Systems,"Disk Structure, Scheduling and Management",4
Which problem can occur with SSTF disk scheduling?,2,Medium,0,MCQ,Deadlock,Starvation of distant requests,Internal fragmentation,Thrashing,B,Operating Systems,"Disk Structure, Scheduling and Management",4
"The head is at cylinder 53 and the request queue is 98, 183, 37, 122, 14, 124, 65, 67. The total head movement under FCFS is:",2,Medium,0,MCQ,236 cylinders,299 cylinders,640 cylinders,508 cylinders,C,Operating Systems,"Disk Structure, Scheduling and Management",4
"For the same queue (head at 53; requests 98, 183, 37, 122, 14, 124, 65, 67), the total head movement under SSTF is:",3,Hard,0,MCQ,640 cylinders,208 cylinders,299 cylinders,236 cylinders,D,Operating Systems,"Disk Structure, Scheduling and Management",4
"Define seek time, rotational latency and transfer time.",3,Easy,0,SUBJECTIVE,,,,,,Operating Systems,"Disk Structure, Scheduling and Management",4
Differentiate between SCAN and C-SCAN disk scheduling.,3,Medium,0,SUBJECTIVE,,,,,,Operating Systems,"Disk Structure, Scheduling and Management",4
Explain swap-space management in UNIX/Linux.,5,Medium,0,SUBJECTIVE,,,,,,Operating Systems,"Disk Structure, Scheduling and Management",4
"For the queue 98, 183, 37, 122, 14, 124, 65, 67 with the head at cylinder 53 (range 0-199, initially moving toward 0), compute the total head movement using SCAN and LOOK.",5,Hard,0,SUBJECTIVE,,,,,,Operating Systems,"Disk Structure, Scheduling and Management",4
"Explain disk formatting, the boot block and bad-block management. Briefly describe RAID levels 0, 1 and 5.",5,Hard,0,SUBJECTIVE,,,,,,Operating Systems,"Disk Structure, Scheduling and Management",4
The principle of least privilege states that a subject should be given:,2,Easy,0,MCQ,Only the access rights needed to perform its task,All access rights,No access rights,Random access rights,A,Operating Systems,Protection,4
"In an access matrix, the rows represent:",2,Easy,0,MCQ,Objects,Domains,Files only,Time slots,B,Operating Systems,Protection,4
A capability list corresponds to which part of the access matrix?,2,Medium,0,MCQ,A column (per object),The whole matrix,A row (per domain),A single cell,C,Operating Systems,Protection,4
An access-control list (ACL) is associated with each:,2,Medium,0,MCQ,Domain,CPU,Page,Object,D,Operating Systems,Protection,4
The 'switch' right in an access matrix allows a process to:,3,Hard,0,MCQ,Switch from one protection domain to another,Delete the access matrix,Change the CPU it runs on,Unlink a file,A,Operating Systems,Protection,4
State the goals of protection in an operating system.,3,Easy,0,SUBJECTIVE,,,,,,Operating Systems,Protection,4
Differentiate between protection and security.,3,Medium,0,SUBJECTIVE,,,,,,Operating Systems,Protection,4
Explain protection domains with an example from UNIX (setuid bit).,5,Medium,0,SUBJECTIVE,,,,,,Operating Systems,Protection,4
"Explain the access matrix and its implementations using a global table, access-control lists, capability lists and lock-key mechanism.",5,Hard,0,SUBJECTIVE,,,,,,Operating Systems,Protection,4
Explain the principle of least privilege and need-to-know. How can revocation of access rights be implemented?,5,Hard,0,SUBJECTIVE,,,,,,Operating Systems,Protection,4
The first line '#!/bin/bash' in a script is called the:,2,Easy,0,MCQ,Shebang,Header file,Macro,Footer,A,Operating Systems,Shell Scripts and Running in the Current Shell,5
Which command makes a script file executable?,2,Easy,0,MCQ,ls script.sh,chmod +x script.sh,cat script.sh,rm script.sh,B,Operating Systems,Shell Scripts and Running in the Current Shell,5
Running 'source script.sh' differs from './script.sh' because it:,2,Medium,0,MCQ,Runs the script as root,Runs the script in the background,Executes the script in the current shell without creating a child shell,Is not a valid command,C,Operating Systems,Shell Scripts and Running in the Current Shell,5
"In a shell script, the special parameter $# holds:",2,Medium,0,MCQ,The process ID of the shell,The exit status of the last command,The name of the script,The number of positional arguments,D,Operating Systems,Shell Scripts and Running in the Current Shell,5
"Inside double quotes, ""$@"" expands to:",3,Hard,0,MCQ,Each positional argument as a separate word,All arguments joined into a single word,The number of arguments,The script name,A,Operating Systems,Shell Scripts and Running in the Current Shell,5
What is a shell script? Write a simple script that prints 'Hello' followed by the current date.,3,Easy,0,SUBJECTIVE,,,,,,Operating Systems,Shell Scripts and Running in the Current Shell,5
"What are positional parameters? Explain $0, $1, $#, $*, $? and $$.",3,Medium,0,SUBJECTIVE,,,,,,Operating Systems,Shell Scripts and Running in the Current Shell,5
Explain the difference between running a script as a subprocess and running it in the current shell using source. Show with an example how a variable persists in one case only.,5,Medium,0,SUBJECTIVE,,,,,,Operating Systems,Shell Scripts and Running in the Current Shell,5
Write a shell script to check whether a number given as a command-line argument is prime. Explain the control structures used.,5,Hard,0,SUBJECTIVE,,,,,,Operating Systems,Shell Scripts and Running in the Current Shell,5
Write a shell script that takes a directory name and prints the number of files and subdirectories in it. Handle invalid input using exit codes.,5,Hard,0,SUBJECTIVE,,,,,,Operating Systems,Shell Scripts and Running in the Current Shell,5
"Which shell wildcard matches any number of characters, including none?",2,Easy,0,MCQ,?,*,[ ],!,B,Operating Systems,Pattern Matching and Redirection,5
"Which operator redirects standard output to a file, overwriting its contents?",2,Easy,0,MCQ,>>,<,>,|,C,Operating Systems,Pattern Matching and Redirection,5
The command 'ls nofile 2> err.txt' redirects:,2,Medium,0,MCQ,Standard output to err.txt,Standard input from err.txt,Both output and error to the screen,Standard error to err.txt,D,Operating Systems,Pattern Matching and Redirection,5
Which operator appends standard output to the end of an existing file?,2,Medium,0,MCQ,>>,>,2<,<<,A,Operating Systems,Pattern Matching and Redirection,5
What does 'cmd > out.txt 2>&1' do?,3,Hard,0,MCQ,Sends only standard output to out.txt,Sends both standard output and standard error to out.txt,Sends only standard error to out.txt,Discards all output,B,Operating Systems,Pattern Matching and Redirection,5
"List the shell wildcards ?, * and [ ] with an example of each.",3,Easy,0,SUBJECTIVE,,,,,,Operating Systems,Pattern Matching and Redirection,5
"Differentiate between >, >> and | with examples.",3,Medium,0,SUBJECTIVE,,,,,,Operating Systems,Pattern Matching and Redirection,5
"Explain file descriptors 0, 1 and 2 and show how to redirect standard error separately from standard output.",5,Medium,0,SUBJECTIVE,,,,,,Operating Systems,Pattern Matching and Redirection,5
"Explain grep with basic regular expressions. Write patterns to match (a) lines beginning with 'The', (b) lines ending with a digit, and (c) lines containing exactly three characters.",5,Hard,0,SUBJECTIVE,,,,,,Operating Systems,Pattern Matching and Redirection,5
Explain here documents and here strings with examples. How does piping differ from redirection?,5,Hard,0,SUBJECTIVE,,,,,,Operating Systems,Pattern Matching and Redirection,5
"In bash, ${#str} gives:",2,Easy,0,MCQ,The first character of str,The process ID,The length of the string str,The number of arguments,C,Operating Systems,String Handling and Parameter Substitution,5
${var:-default} evaluates to:,2,Easy,0,MCQ,'default' always,An error always,The length of var,"'default' if var is unset or null, otherwise the value of var",D,Operating Systems,String Handling and Parameter Substitution,5
${var:=value} will:,2,Medium,0,MCQ,"Assign value to var if var is unset or null, and then substitute it",Never modify var,Delete var,Always raise an error,A,Operating Systems,String Handling and Parameter Substitution,5
"If str=""Operating"", then ${str:0:4} produces:",2,Medium,0,MCQ,Open,Oper,Opera,ting,B,Operating Systems,String Handling and Parameter Substitution,5
${var:?message} will:,3,Hard,0,MCQ,Assign the message to var,Always substitute the message,Print the message and exit the script if var is unset or null,Ignore the expression,C,Operating Systems,String Handling and Parameter Substitution,5
What is the use of ${var:-default} in a shell script?,3,Easy,0,SUBJECTIVE,,,,,,Operating Systems,String Handling and Parameter Substitution,5
"Differentiate between ${var:-value}, ${var:=value}, ${var:+value} and ${var:?value}.",3,Medium,0,SUBJECTIVE,,,,,,Operating Systems,String Handling and Parameter Substitution,5
"Explain string operations in bash: length, substring extraction, replacement, and removal of prefix and suffix, with examples.",5,Medium,0,SUBJECTIVE,,,,,,Operating Systems,String Handling and Parameter Substitution,5
Write a bash script to check whether a string entered by the user is a palindrome. Explain the parameter expansions used.,5,Hard,0,SUBJECTIVE,,,,,,Operating Systems,String Handling and Parameter Substitution,5
Write a script that counts the vowels in a string entered by the user. Explain the approach.,5,Hard,0,SUBJECTIVE,,,,,,Operating Systems,String Handling and Parameter Substitution,5
Which syntax correctly defines a function in bash?,2,Easy,0,MCQ,def name: commands,function: name commands,func name; commands,name() { commands; },D,Operating Systems,Shell Functions,5
"Inside a shell function, the arguments passed to it are accessed using:",2,Easy,0,MCQ,"$1, $2, ...","argv[0], argv[1]","%1, %2","arg[1], arg[2]",A,Operating Systems,Shell Functions,5
A bash function returns a numeric status to its caller using:,2,Medium,0,MCQ,"return ""any string""",return n (0 to 255),exit only,print only,B,Operating Systems,Shell Functions,5
A variable assigned inside a bash function without the 'local' keyword is:,2,Medium,0,MCQ,Local to the function,Read-only,Global to the script,Deleted on return,C,Operating Systems,Shell Functions,5
A common way to return a string from a bash function is to:,3,Hard,0,MCQ,"Use 'return ""string""'",Use exit with a string,Assign it to $?,Echo the string and capture it using command substitution $( ),D,Operating Systems,Shell Functions,5
What is a shell function? Write its syntax.,3,Easy,0,SUBJECTIVE,,,,,,Operating Systems,Shell Functions,5
Differentiate between a shell function and a shell script.,3,Medium,0,SUBJECTIVE,,,,,,Operating Systems,Shell Functions,5
Write a shell function to compute the factorial of a number and call it from a script.,5,Medium,0,SUBJECTIVE,,,,,,Operating Systems,Shell Functions,5
Explain variable scope in shell functions using 'local'. Show a bug caused by an unintended global variable.,5,Hard,0,SUBJECTIVE,,,,,,Operating Systems,Shell Functions,5
"Write a script using functions and a case statement to implement a menu-driven file manager (list, create, delete).",5,Hard,0,SUBJECTIVE,,,,,,Operating Systems,Shell Functions,5
The Linux kernel was originally created by:,2,Easy,0,MCQ,Linus Torvalds,Dennis Ritchie,Bill Gates,Ken Thompson,A,Operating Systems,Linux Case Study,5
The Linux kernel is distributed under which license?,2,Easy,0,MCQ,A proprietary commercial license,GNU General Public License (GPL),Only the BSD license,Only the MIT license,B,Operating Systems,Linux Case Study,5
Loadable kernel modules allow:,2,Medium,0,MCQ,Changing the BIOS,Running user programs faster,Adding or removing kernel functionality at run time without rebooting,Compiling the kernel only at boot,C,Operating Systems,Linux Case Study,5
"In Linux, fork() is implemented on top of which system call?",2,Medium,0,MCQ,spawn(),create(),thread(),clone(),D,Operating Systems,Linux Case Study,5
Which of the following provides shared memory between processes on Linux?,3,Hard,0,MCQ,shmget()/shmat() or mmap(),fork(),chmod,cat,A,Operating Systems,Linux Case Study,5
Briefly outline the history of Linux and state its main design principles.,3,Easy,0,SUBJECTIVE,,,,,,Operating Systems,Linux Case Study,5
What are kernel modules? Name three types of modules.,3,Medium,0,SUBJECTIVE,,,,,,Operating Systems,Linux Case Study,5
"Explain memory management in Linux: the buddy allocator, the slab allocator and the page cache.",5,Medium,0,SUBJECTIVE,,,,,,Operating Systems,Linux Case Study,5
"Explain process management in Linux: how fork() and clone() work, the task_struct structure, and how processes and threads are represented and scheduled.",5,Hard,0,SUBJECTIVE,,,,,,Operating Systems,Linux Case Study,5
"Explain the Linux virtual file system (VFS) layer and its main objects (superblock, inode, dentry, file). Briefly describe I/O and inter-process communication in Linux.",5,Hard,0,SUBJECTIVE,,,,,,Operating Systems,Linux Case Study,5
Which of the following is a disadvantage of a file-processing system?,2,Easy,0,MCQ,Data redundancy and inconsistency,Centralized control of data,Data independence,Controlled concurrent access,A,Database Management Systems,DBMS versus File Systems,1
Which of the following is an advantage of a DBMS over a file system?,2,Easy,0,MCQ,Greater data isolation,Controlled redundancy,Weaker security,No concurrent access,B,Database Management Systems,DBMS versus File Systems,1
Which DBMS feature prevents corruption of data when two users update it simultaneously?,2,Medium,0,MCQ,Normalization,Schema definition,Concurrency control,Query language,C,Database Management Systems,DBMS versus File Systems,1
Insulation of application programs from changes in data storage structure is called:,2,Medium,0,MCQ,Data redundancy,Data isolation,Data mining,Program-data independence,D,Database Management Systems,DBMS versus File Systems,1
Which of the following is NOT typically provided by a DBMS?,3,Hard,0,MCQ,Automatic generation of the application's business requirements,Backup and recovery,Enforcement of integrity constraints,Access control,A,Database Management Systems,DBMS versus File Systems,1
List four disadvantages of a file-processing system.,3,Easy,0,SUBJECTIVE,,,,,,Database Management Systems,DBMS versus File Systems,1
Differentiate between a DBMS and a file system.,3,Medium,0,SUBJECTIVE,,,,,,Database Management Systems,DBMS versus File Systems,1
Explain the advantages of the DBMS approach.,5,Medium,0,SUBJECTIVE,,,,,,Database Management Systems,DBMS versus File Systems,1
When might using a DBMS be unnecessary or undesirable? Give three scenarios with justification.,5,Hard,0,SUBJECTIVE,,,,,,Database Management Systems,DBMS versus File Systems,1
"A college keeps hostel, library and accounts data in separate spreadsheets. Explain the problems this causes and how a DBMS solves each.",5,Hard,0,SUBJECTIVE,,,,,,Database Management Systems,DBMS versus File Systems,1
The collection of information stored in a database at a particular moment is called the:,2,Easy,0,MCQ,Schema,Instance,Metadata,View,B,Database Management Systems,"Data Models, Schemas and Instances",1
The overall logical design of a database is called the:,2,Easy,0,MCQ,Instance,Query,Schema,Transaction,C,Database Management Systems,"Data Models, Schemas and Instances",1
Which data model organizes data as tables of rows and columns?,2,Medium,0,MCQ,Hierarchical model,Network model,Object-oriented model,Relational model,D,Database Management Systems,"Data Models, Schemas and Instances",1
Which of the following is a high-level (conceptual) data model?,2,Medium,0,MCQ,Entity-Relationship model,B+ tree file organization,Hash indexing,Heap file model,A,Database Management Systems,"Data Models, Schemas and Instances",1
The hierarchical data model represents data as:,3,Hard,0,MCQ,Tables,A tree of parent-child (one-to-many) relationships,A graph allowing many-to-many links directly,Objects with methods,B,Database Management Systems,"Data Models, Schemas and Instances",1
Differentiate between database schema and database instance.,3,Easy,0,SUBJECTIVE,,,,,,Database Management Systems,"Data Models, Schemas and Instances",1
What is metadata? Where is it stored in a DBMS?,3,Medium,0,SUBJECTIVE,,,,,,Database Management Systems,"Data Models, Schemas and Instances",1
"Explain the categories of data models: conceptual, representational (implementation) and physical.",5,Medium,0,SUBJECTIVE,,,,,,Database Management Systems,"Data Models, Schemas and Instances",1
"Compare the hierarchical, network and relational data models with an example for each.",5,Hard,0,SUBJECTIVE,,,,,,Database Management Systems,"Data Models, Schemas and Instances",1
"Explain the terms intension and extension of a database, and schema evolution. Give an example of a schema change that does not affect existing instances.",5,Hard,0,SUBJECTIVE,,,,,,Database Management Systems,"Data Models, Schemas and Instances",1
How many levels does the three-schema architecture have?,2,Easy,0,MCQ,Two,Four,Three,Five,C,Database Management Systems,Three-Schema Architecture and Data Independence,1
The internal schema describes:,2,Easy,0,MCQ,User views only,Only the ER diagram,Network topology,The physical storage structures and access paths,D,Database Management Systems,Three-Schema Architecture and Data Independence,1
Logical data independence means the ability to change:,2,Medium,0,MCQ,The conceptual schema without changing external schemas or application programs,The disk hardware,The indexes only,The operating system,A,Database Management Systems,Three-Schema Architecture and Data Independence,1
Physical data independence is the ability to change:,2,Medium,0,MCQ,The external schema,The internal schema without changing the conceptual schema,The application programs,The users,B,Database Management Systems,Three-Schema Architecture and Data Independence,1
Which mapping translates a request on an external view into a request on the conceptual schema?,3,Hard,0,MCQ,Conceptual/internal mapping,Physical/disk mapping,External/conceptual mapping,Index mapping,C,Database Management Systems,Three-Schema Architecture and Data Independence,1
Name the three levels of the three-schema architecture and state the purpose of each.,3,Easy,0,SUBJECTIVE,,,,,,Database Management Systems,Three-Schema Architecture and Data Independence,1
Differentiate between logical and physical data independence.,3,Medium,0,SUBJECTIVE,,,,,,Database Management Systems,Three-Schema Architecture and Data Independence,1
Explain the three-schema architecture with a neat diagram and the mappings between levels.,5,Medium,0,SUBJECTIVE,,,,,,Database Management Systems,Three-Schema Architecture and Data Independence,1
"Using a university example, explain how adding an index or changing a file organization affects each schema level.",5,Hard,0,SUBJECTIVE,,,,,,Database Management Systems,Three-Schema Architecture and Data Independence,1
Why is logical data independence harder to achieve than physical data independence? Illustrate with a scenario.,5,Hard,0,SUBJECTIVE,,,,,,Database Management Systems,Three-Schema Architecture and Data Independence,1
Which language is used to define the database schema?,2,Easy,0,MCQ,Data Manipulation Language (DML),Data Control Language (DCL),Transaction Control Language (TCL),Data Definition Language (DDL),D,Database Management Systems,Database Languages and Interfaces,1
The SQL SELECT statement is classified as part of:,2,Easy,0,MCQ,DML (query),DDL,DCL,TCL,A,Database Management Systems,Database Languages and Interfaces,1
GRANT and REVOKE statements belong to:,2,Medium,0,MCQ,DDL,DCL,DML,TCL,B,Database Management Systems,Database Languages and Interfaces,1
"In a declarative DML, the user specifies:",2,Medium,0,MCQ,Exactly how to retrieve the data step by step,Neither what nor how,"What data is required, without specifying how to obtain it",Only the physical file names,C,Database Management Systems,Database Languages and Interfaces,1
Which DBMS component translates DML statements into low-level instructions for the query evaluation engine?,3,Hard,0,MCQ,Buffer manager,Disk space manager,Authorization manager,DML compiler and query optimizer,D,Database Management Systems,Database Languages and Interfaces,1
"Define DDL, DML, DCL and TCL with one command for each.",3,Easy,0,SUBJECTIVE,,,,,,Database Management Systems,Database Languages and Interfaces,1
Differentiate between procedural and declarative DML.,3,Medium,0,SUBJECTIVE,,,,,,Database Management Systems,Database Languages and Interfaces,1
"Explain the types of DBMS user interfaces: menu-based, forms-based, graphical, natural language and interfaces for the DBA.",5,Medium,0,SUBJECTIVE,,,,,,Database Management Systems,Database Languages and Interfaces,1
"Explain the roles of different database users: DBA, database designers, end users, system analysts and application programmers.",5,Hard,0,SUBJECTIVE,,,,,,Database Management Systems,Database Languages and Interfaces,1
"Give SQL examples of each language category (DDL, DML, DCL, TCL) on a Student table and explain each.",5,Hard,0,SUBJECTIVE,,,,,,Database Management Systems,Database Languages and Interfaces,1
"In a two-tier client-server architecture, the client communicates directly with:",2,Easy,0,MCQ,The database server,A web server only,A middle tier,A cache server,A,Database Management Systems,"DBMS Environment, Architectures and Classification",1
DBMSs can be classified by number of users as:,2,Easy,0,MCQ,Red and blue,Single-user and multi-user,Fast and slow only,Free and paid only,B,Database Management Systems,"DBMS Environment, Architectures and Classification",1
"In a three-tier architecture, the business logic resides in the:",2,Medium,0,MCQ,Client tier,Database tier,Application (middle) tier,Network layer,C,Database Management Systems,"DBMS Environment, Architectures and Classification",1
In a centralized DBMS:,2,Medium,0,MCQ,Data is spread across many sites,Data is replicated at every client,No server is used,All data and DBMS software reside at a single site,D,Database Management Systems,"DBMS Environment, Architectures and Classification",1
Which DBMS component manages the transfer of data between disk and main memory?,3,Hard,0,MCQ,Buffer manager,Authorization manager,DDL compiler,Query parser,A,Database Management Systems,"DBMS Environment, Architectures and Classification",1
What is a client-server architecture?,3,Easy,0,SUBJECTIVE,,,,,,Database Management Systems,"DBMS Environment, Architectures and Classification",1
Differentiate between two-tier and three-tier architectures.,3,Medium,0,SUBJECTIVE,,,,,,Database Management Systems,"DBMS Environment, Architectures and Classification",1
Explain the component modules of a DBMS: the storage manager and the query processor.,5,Medium,0,SUBJECTIVE,,,,,,Database Management Systems,"DBMS Environment, Architectures and Classification",1
"Classify DBMSs on the basis of data model, number of users, number of sites and cost, with examples.",5,Hard,0,SUBJECTIVE,,,,,,Database Management Systems,"DBMS Environment, Architectures and Classification",1
"Compare centralized, client-server and distributed DBMS architectures for a university with several campuses.",5,Hard,0,SUBJECTIVE,,,,,,Database Management Systems,"DBMS Environment, Architectures and Classification",1
"In an ER diagram, an entity type is represented by a:",2,Easy,0,MCQ,Rectangle,Ellipse,Diamond,Triangle,A,Database Management Systems,"Entity Types, Attributes and Keys",2
A derived attribute such as Age (computed from Date_of_Birth) is drawn as a:,2,Easy,0,MCQ,Double ellipse,Dashed ellipse,Underlined ellipse,Rectangle,B,Database Management Systems,"Entity Types, Attributes and Keys",2
A multivalued attribute is drawn as a:,2,Medium,0,MCQ,Dashed ellipse,Underlined ellipse,Double ellipse,Diamond,C,Database Management Systems,"Entity Types, Attributes and Keys",2
Which of the following is a composite attribute?,2,Medium,0,MCQ,Age,Roll number,Gender,"Address (street, city, pincode)",D,Database Management Systems,"Entity Types, Attributes and Keys",2
An entity set has three candidate keys. How many primary keys can be chosen for it?,3,Hard,0,MCQ,Exactly one,Three,None,Any number,A,Database Management Systems,"Entity Types, Attributes and Keys",2
"Define entity, entity set and attribute with examples.",3,Easy,0,SUBJECTIVE,,,,,,Database Management Systems,"Entity Types, Attributes and Keys",2
"Differentiate between simple, composite, single-valued, multivalued and derived attributes.",3,Medium,0,SUBJECTIVE,,,,,,Database Management Systems,"Entity Types, Attributes and Keys",2
"Explain super key, candidate key and primary key with an example.",5,Medium,0,SUBJECTIVE,,,,,,Database Management Systems,"Entity Types, Attributes and Keys",2
"Design the entity types and attributes (with keys) for a library system with Book, Member, Author and Publisher. Identify composite, multivalued and derived attributes.",5,Hard,0,SUBJECTIVE,,,,,,Database Management Systems,"Entity Types, Attributes and Keys",2
Explain NULL values in attributes and their possible meanings. Why can a key attribute not be NULL?,5,Hard,0,SUBJECTIVE,,,,,,Database Management Systems,"Entity Types, Attributes and Keys",2
A relationship type is represented in an ER diagram by a:,2,Easy,0,MCQ,Rectangle,Diamond,Oval,Triangle,B,Database Management Systems,"Relationship Types, Roles and Structural Constraints",2
Many employees work for one department. The cardinality ratio of Employee to Department is:,2,Easy,0,MCQ,1:N,1:1,N:1,M:N,C,Database Management Systems,"Relationship Types, Roles and Structural Constraints",2
Total participation of an entity type in a relationship is shown by a:,2,Medium,0,MCQ,Single line,Dashed line,Arrow,Double line,D,Database Management Systems,"Relationship Types, Roles and Structural Constraints",2
A relationship in which the same entity type participates twice in different roles is called:,2,Medium,0,MCQ,Recursive (unary) relationship,Binary relationship,Ternary relationship,Weak relationship,A,Database Management Systems,"Relationship Types, Roles and Structural Constraints",2
"A (min, max) participation of (1, 1) means that:",3,Hard,0,MCQ,Participation is optional,Every entity must participate in exactly one relationship instance,An entity may participate in many instances,The entity cannot participate,B,Database Management Systems,"Relationship Types, Roles and Structural Constraints",2
"Define relationship type, relationship set and degree of a relationship.",3,Easy,0,SUBJECTIVE,,,,,,Database Management Systems,"Relationship Types, Roles and Structural Constraints",2
Differentiate between cardinality ratio and participation constraint.,3,Medium,0,SUBJECTIVE,,,,,,Database Management Systems,"Relationship Types, Roles and Structural Constraints",2
"Explain structural constraints using (min, max) notation with examples.",5,Medium,0,SUBJECTIVE,,,,,,Database Management Systems,"Relationship Types, Roles and Structural Constraints",2
"Explain recursive relationships with role names using the Employee-Supervisor example, and draw the ER diagram.",5,Hard,0,SUBJECTIVE,,,,,,Database Management Systems,"Relationship Types, Roles and Structural Constraints",2
"For a hospital with Doctor, Patient and Appointment, identify the relationships, cardinalities and participation constraints, and justify each.",5,Hard,0,SUBJECTIVE,,,,,,Database Management Systems,"Relationship Types, Roles and Structural Constraints",2
A weak entity type is one that:,2,Easy,0,MCQ,Has no attributes,Has no relationships,Cannot be uniquely identified by its own attributes alone,Is always optional,C,Database Management Systems,Weak Entity Types,2
A weak entity type is drawn as a:,2,Easy,0,MCQ,Single rectangle,Diamond,Ellipse,Double rectangle,D,Database Management Systems,Weak Entity Types,2
The relationship that links a weak entity to its owner is drawn as a:,2,Medium,0,MCQ,Double diamond,Single diamond,Dashed rectangle,Double ellipse,A,Database Management Systems,Weak Entity Types,2
The partial key (discriminator) of a weak entity is shown with a:,2,Medium,0,MCQ,Bold border,Dashed underline,Double ellipse,Solid rectangle,B,Database Management Systems,Weak Entity Types,2
"In the relational schema, the primary key of a weak entity relation is typically:",3,Hard,0,MCQ,The partial key alone,Any non-key attribute,The owner's primary key combined with the partial key,Only a foreign key,C,Database Management Systems,Weak Entity Types,2
What is a weak entity? Give two examples.,3,Easy,0,SUBJECTIVE,,,,,,Database Management Systems,Weak Entity Types,2
Differentiate between strong and weak entity sets.,3,Medium,0,SUBJECTIVE,,,,,,Database Management Systems,Weak Entity Types,2
Explain the identifying relationship and partial key using the Employee-Dependent example.,5,Medium,0,SUBJECTIVE,,,,,,Database Management Systems,Weak Entity Types,2
"Design an ER diagram in which Room is a weak entity of Building, and map it to a relational schema.",5,Hard,0,SUBJECTIVE,,,,,,Database Management Systems,Weak Entity Types,2
When should a concept be modelled as a weak entity rather than a multivalued attribute? Justify with an example.,5,Hard,0,SUBJECTIVE,,,,,,Database Management Systems,Weak Entity Types,2
The Entity-Relationship model was proposed by:,2,Easy,0,MCQ,E. F. Codd,Raymond Boyce,C. J. Date,Peter Chen,D,Database Management Systems,"ER Diagrams, Naming Conventions and Design Issues",2
"By convention, entity type names are usually:",2,Easy,0,MCQ,Singular nouns,Verbs,Adjectives,Numbers,A,Database Management Systems,"ER Diagrams, Naming Conventions and Design Issues",2
"By convention, relationship names are usually:",2,Medium,0,MCQ,Plural nouns,Verbs,Adjectives,Numbers,B,Database Management Systems,"ER Diagrams, Naming Conventions and Design Issues",2
A concept should be modelled as an entity rather than an attribute if it:,2,Medium,0,MCQ,Is a single number,Has a short name,Has its own attributes or participates in relationships,Is never queried,C,Database Management Systems,"ER Diagrams, Naming Conventions and Design Issues",2
A redundant relationship in an ER design:,3,Hard,0,MCQ,Is always required,Always makes an entity weak,Improves normalization automatically,Can be derived from other relationships and should be removed or justified,D,Database Management Systems,"ER Diagrams, Naming Conventions and Design Issues",2
List the symbols used in ER diagrams and state the meaning of each.,3,Easy,0,SUBJECTIVE,,,,,,Database Management Systems,"ER Diagrams, Naming Conventions and Design Issues",2
"State the naming conventions for entity types, attributes, relationships and roles.",3,Medium,0,SUBJECTIVE,,,,,,Database Management Systems,"ER Diagrams, Naming Conventions and Design Issues",2
"Explain the main ER design issues: attribute versus entity, entity versus relationship, and binary versus ternary relationships.",5,Medium,0,SUBJECTIVE,,,,,,Database Management Systems,"ER Diagrams, Naming Conventions and Design Issues",2
"Draw an ER diagram for an online shopping system with Customer, Product, Order, Payment and Seller. State your assumptions.",5,Hard,0,SUBJECTIVE,,,,,,Database Management Systems,"ER Diagrams, Naming Conventions and Design Issues",2
"Explain fan traps and chasm traps in ER design with examples, and show how to fix them.",5,Hard,0,SUBJECTIVE,,,,,,Database Management Systems,"ER Diagrams, Naming Conventions and Design Issues",2
A relationship among three entity types is called:,2,Easy,0,MCQ,Ternary,Binary,Unary,Recursive,A,Database Management Systems,Higher-Degree Relationships and Refining the ER Design,2
The degree of a relationship type is:,2,Easy,0,MCQ,The number of attributes,The number of participating entity types,The number of tuples,The cardinality ratio,B,Database Management Systems,Higher-Degree Relationships and Refining the ER Design,2
A ternary relationship can sometimes be replaced by:,2,Medium,0,MCQ,A single attribute,No relationship at all,A new entity connected through three binary relationships,A weak entity only,C,Database Management Systems,Higher-Degree Relationships and Refining the ER Design,2
Aggregation is used to:,2,Medium,0,MCQ,Delete entities,Create indexes,Normalize relations,Treat a relationship as a higher-level entity that participates in another relationship,D,Database Management Systems,Higher-Degree Relationships and Refining the ER Design,2
Specialization is best described as:,3,Hard,0,MCQ,A top-down process of defining subclasses of an entity type,A bottom-up process of merging entity types,A join operation,A delete operation,A,Database Management Systems,Higher-Degree Relationships and Refining the ER Design,2
"Give one example each of a unary, binary and ternary relationship.",3,Easy,0,SUBJECTIVE,,,,,,Database Management Systems,Higher-Degree Relationships and Refining the ER Design,2
Differentiate between specialization and generalization.,3,Medium,0,SUBJECTIVE,,,,,,Database Management Systems,Higher-Degree Relationships and Refining the ER Design,2
Explain ternary relationships using the Supplier-Part-Project example and state its cardinality constraints.,5,Medium,0,SUBJECTIVE,,,,,,Database Management Systems,Higher-Degree Relationships and Refining the ER Design,2
"Explain how an initial ER design is refined using specialization, aggregation and additional constraints. Give an example.",5,Hard,0,SUBJECTIVE,,,,,,Database Management Systems,Higher-Degree Relationships and Refining the ER Design,2
When can a ternary relationship not be decomposed into binary relationships without losing information? Explain with an example.,5,Hard,0,SUBJECTIVE,,,,,,Database Management Systems,Higher-Degree Relationships and Refining the ER Design,2
A row in a relation is called a:,2,Easy,0,MCQ,Tuple,Attribute,Domain,Schema,A,Database Management Systems,Relational Model Concepts and Constraints,3
The number of attributes in a relation is called its:,2,Easy,0,MCQ,Cardinality,Degree,Domain,Key,B,Database Management Systems,Relational Model Concepts and Constraints,3
The number of tuples in a relation is called its:,2,Medium,0,MCQ,Degree,Arity,Cardinality,Schema,C,Database Management Systems,Relational Model Concepts and Constraints,3
A foreign key constraint enforces:,2,Medium,0,MCQ,Entity integrity,Domain integrity,Key uniqueness only,Referential integrity,D,Database Management Systems,Relational Model Concepts and Constraints,3
The entity integrity constraint states that:,3,Hard,0,MCQ,No primary key attribute may be NULL,No foreign key may be NULL,All attributes must be unique,No duplicate tuples may exist in any attribute,A,Database Management Systems,Relational Model Concepts and Constraints,3
"Define relation, tuple, attribute, domain and degree.",3,Easy,0,SUBJECTIVE,,,,,,Database Management Systems,Relational Model Concepts and Constraints,3
Differentiate between a primary key and a foreign key.,3,Medium,0,SUBJECTIVE,,,,,,Database Management Systems,Relational Model Concepts and Constraints,3
"Explain the integrity constraints: domain, key, entity integrity and referential integrity.",5,Medium,0,SUBJECTIVE,,,,,,Database Management Systems,Relational Model Concepts and Constraints,3
"Explain the update operations (insert, delete, modify) and how constraint violations are handled, including the ON DELETE options for a referenced tuple.",5,Hard,0,SUBJECTIVE,,,,,,Database Management Systems,Relational Model Concepts and Constraints,3
"Explain the properties of a relation (no ordering of tuples, atomic values, etc.) and how a relation differs from an SQL table.",5,Hard,0,SUBJECTIVE,,,,,,Database Management Systems,Relational Model Concepts and Constraints,3
Which relational algebra operator selects rows satisfying a condition?,2,Easy,0,MCQ,Projection (pi),Selection (sigma),Natural join,Union,B,Database Management Systems,Relational Algebra,3
The projection operator (pi) is used to:,2,Easy,0,MCQ,Choose specific rows,Join two relations,Choose specific columns,Divide two relations,C,Database Management Systems,Relational Algebra,3
Two relations are union-compatible if they have:,2,Medium,0,MCQ,The same name,The same primary key,The same number of tuples,The same degree and compatible corresponding domains,D,Database Management Systems,Relational Algebra,3
"If R has 5 tuples and S has 4 tuples, the Cartesian product R x S has:",2,Medium,0,MCQ,20 tuples,9 tuples,1 tuple,5 tuples,A,Database Management Systems,Relational Algebra,3
The division operator is most useful for queries of the type:,3,Hard,0,MCQ,Find entities related to any member of a set,Find entities related to all members of another set,Compute totals,Sort the result,B,Database Management Systems,Relational Algebra,3
List the basic relational algebra operations.,3,Easy,0,SUBJECTIVE,,,,,,Database Management Systems,Relational Algebra,3
Differentiate between natural join and equi-join.,3,Medium,0,SUBJECTIVE,,,,,,Database Management Systems,Relational Algebra,3
"Explain selection, projection and rename. Write an expression for the names of employees in department 5 with salary above 50000.",5,Medium,0,SUBJECTIVE,,,,,,Database Management Systems,Relational Algebra,3
"Given Student(sid, name), Course(cid, title) and Enrolled(sid, cid), write a relational algebra expression to find students enrolled in all courses.",5,Hard,0,SUBJECTIVE,,,,,,Database Management Systems,Relational Algebra,3
"Explain left, right and full outer joins with examples, and the aggregate operations in extended relational algebra.",5,Hard,0,SUBJECTIVE,,,,,,Database Management Systems,Relational Algebra,3
"In ER-to-relational mapping, a strong entity type is mapped to:",2,Easy,0,MCQ,A single attribute,A constraint,A relation,A view,C,Database Management Systems,ER-to-Relational Mapping,3
A many-to-many relationship type is mapped by creating:,2,Easy,0,MCQ,A foreign key in one relation only,A view,No structure at all,A separate relation containing the keys of both participants,D,Database Management Systems,ER-to-Relational Mapping,3
A 1:N relationship type is usually mapped by placing a foreign key on the:,2,Medium,0,MCQ,N side,1 side,Both sides,Neither side,A,Database Management Systems,ER-to-Relational Mapping,3
A multivalued attribute is mapped to:,2,Medium,0,MCQ,An extra column in the owner relation,A separate relation with a foreign key to the owner,A trigger,A view,B,Database Management Systems,ER-to-Relational Mapping,3
"For a 1:1 relationship where one side has total participation, the preferred mapping is to:",3,Hard,0,MCQ,Always create a new relation,Ignore the relationship,Place the foreign key on the side with total participation,Use a trigger,C,Database Management Systems,ER-to-Relational Mapping,3
State the rules for mapping a strong entity type and its simple attributes to a relation.,3,Easy,0,SUBJECTIVE,,,,,,Database Management Systems,ER-to-Relational Mapping,3
How is a multivalued attribute mapped to relations? Give an example.,3,Medium,0,SUBJECTIVE,,,,,,Database Management Systems,ER-to-Relational Mapping,3
"Explain the mapping of binary 1:1, 1:N and M:N relationship types with examples.",5,Medium,0,SUBJECTIVE,,,,,,Database Management Systems,ER-to-Relational Mapping,3
"Convert an ER diagram of a library (Book-Author M:N, Member-Loan-Book) into a relational schema with keys.",5,Hard,0,SUBJECTIVE,,,,,,Database Management Systems,ER-to-Relational Mapping,3
Explain the mapping of ternary relationships and of specialization (the four standard options) to relations.,5,Hard,0,SUBJECTIVE,,,,,,Database Management Systems,ER-to-Relational Mapping,3
Which SQL command creates a new table?,2,Easy,0,MCQ,MAKE TABLE,NEW TABLE,BUILD TABLE,CREATE TABLE,D,Database Management Systems,"SQL: Data Definition, Constraints and Queries",3
Which SQL clause filters individual rows before grouping?,2,Easy,0,MCQ,WHERE,HAVING,ORDER BY,GROUP BY,A,Database Management Systems,"SQL: Data Definition, Constraints and Queries",3
The HAVING clause is used to:,2,Medium,0,MCQ,Filter individual rows,Filter groups using conditions on aggregates,Define a table,Grant privileges,B,Database Management Systems,"SQL: Data Definition, Constraints and Queries",3
SELECT COUNT(*) FROM Student; returns:,2,Medium,0,MCQ,The number of columns,The number of distinct names,The number of rows in Student,The sum of all numeric values,C,Database Management Systems,"SQL: Data Definition, Constraints and Queries",3
"What does 'SELECT dept, AVG(salary) FROM Emp GROUP BY dept HAVING AVG(salary) > 50000;' return?",3,Hard,0,MCQ,All employees earning above 50000,The average salary of the whole company,Departments with more than 50000 employees,Departments whose average salary exceeds 50000,D,Database Management Systems,"SQL: Data Definition, Constraints and Queries",3
"Write SQL to create a table Student(roll as primary key, name NOT NULL, age with a CHECK constraint age >= 17).",3,Easy,0,SUBJECTIVE,,,,,,Database Management Systems,"SQL: Data Definition, Constraints and Queries",3
"Differentiate between DELETE, TRUNCATE and DROP.",3,Medium,0,SUBJECTIVE,,,,,,Database Management Systems,"SQL: Data Definition, Constraints and Queries",3
"Explain the SQL join types (INNER, LEFT, RIGHT, FULL) with example queries.",5,Medium,0,SUBJECTIVE,,,,,,Database Management Systems,"SQL: Data Definition, Constraints and Queries",3
Explain nested and correlated subqueries. Write a query to find employees who earn more than the average salary of their department.,5,Hard,0,SUBJECTIVE,,,,,,Database Management Systems,"SQL: Data Definition, Constraints and Queries",3
"Write SQL to find the second highest salary without using LIMIT or TOP, and explain at least two approaches.",5,Hard,0,SUBJECTIVE,,,,,,Database Management Systems,"SQL: Data Definition, Constraints and Queries",3
A view in SQL is:,2,Easy,0,MCQ,A virtual table defined by a query,A physical copy of a table,An index on a table,A trigger,A,Database Management Systems,"Views, Triggers, Procedures, Indexes and NoSQL",3
Which SQL statement adds a new row to a table?,2,Easy,0,MCQ,UPDATE,INSERT,DELETE,ALTER,B,Database Management Systems,"Views, Triggers, Procedures, Indexes and NoSQL",3
A trigger is:,2,Medium,0,MCQ,A manually executed script only,A type of view,"Code that runs automatically in response to an event such as INSERT, UPDATE or DELETE",A type of index,C,Database Management Systems,"Views, Triggers, Procedures, Indexes and NoSQL",3
An index primarily improves the performance of:,2,Medium,0,MCQ,Bulk inserts,Storage space usage,Network speed,Search and retrieval queries,D,Database Management Systems,"Views, Triggers, Procedures, Indexes and NoSQL",3
The CAP theorem states that a distributed data store can simultaneously guarantee at most:,3,Hard,0,MCQ,"Two of consistency, availability and partition tolerance",All three properties,Only one property at a time and never two,None of the three,A,Database Management Systems,"Views, Triggers, Procedures, Indexes and NoSQL",3
What is a view? Write SQL to create one and state one advantage.,3,Easy,0,SUBJECTIVE,,,,,,Database Management Systems,"Views, Triggers, Procedures, Indexes and NoSQL",3
Differentiate between a stored procedure and a trigger.,3,Medium,0,SUBJECTIVE,,,,,,Database Management Systems,"Views, Triggers, Procedures, Indexes and NoSQL",3
Explain B+ tree indexes and how they optimize SQL queries. Differentiate clustered and non-clustered indexes.,5,Medium,0,SUBJECTIVE,,,,,,Database Management Systems,"Views, Triggers, Procedures, Indexes and NoSQL",3
Write an SQL trigger (in any dialect) that logs deleted rows into an audit table. Explain the event and timing options.,5,Hard,0,SUBJECTIVE,,,,,,Database Management Systems,"Views, Triggers, Procedures, Indexes and NoSQL",3
"Compare RDBMS and NoSQL databases in terms of data model, scaling, consistency (ACID versus BASE) and suitable use cases.",5,Hard,0,SUBJECTIVE,,,,,,Database Management Systems,"Views, Triggers, Procedures, Indexes and NoSQL",3
"Insertion, deletion and update anomalies mainly arise from:",2,Easy,0,MCQ,Data redundancy in poorly designed relations,Normalization,Indexing,Views,A,Database Management Systems,Informal Design Guidelines and Anomalies,4
Which is a consequence of redundancy in a relation?,2,Easy,0,MCQ,Faster updates,Wasted storage and risk of inconsistent data,Automatic integrity,Smaller tables,B,Database Management Systems,Informal Design Guidelines and Anomalies,4
Why should attributes of different entity types not be mixed in one relation?,2,Medium,0,MCQ,It saves storage,It speeds up all queries,It leads to anomalies and redundancy,It is required by SQL,C,Database Management Systems,Informal Design Guidelines and Anomalies,4
Why should NULL values in base relations be minimized?,2,Medium,0,MCQ,They make keys unique,They speed up joins,They are illegal in SQL,They waste space and make semantics and aggregates ambiguous,D,Database Management Systems,Informal Design Guidelines and Anomalies,4
Spurious tuples are generated when:,3,Hard,0,MCQ,A relation is decomposed badly and then rejoined (lossy join),A lossless decomposition is joined,An index is created,A view is queried,A,Database Management Systems,Informal Design Guidelines and Anomalies,4
"What are insertion, deletion and modification anomalies? Give one example of each.",3,Easy,0,SUBJECTIVE,,,,,,Database Management Systems,Informal Design Guidelines and Anomalies,4
Why should NULL values be avoided in base relations?,3,Medium,0,SUBJECTIVE,,,,,,Database Management Systems,Informal Design Guidelines and Anomalies,4
Explain the informal design guidelines for relation schemas.,5,Medium,0,SUBJECTIVE,,,,,,Database Management Systems,Informal Design Guidelines and Anomalies,4
"Given EMP_PROJ(ssn, pnumber, hours, ename, pname, plocation), identify the anomalies and propose a decomposition.",5,Hard,0,SUBJECTIVE,,,,,,Database Management Systems,Informal Design Guidelines and Anomalies,4
Explain spurious tuples with an example of a lossy join decomposition.,5,Hard,0,SUBJECTIVE,,,,,,Database Management Systems,Informal Design Guidelines and Anomalies,4
The functional dependency X -> Y means:,2,Easy,0,MCQ,Y uniquely determines X,X uniquely determines Y,X equals Y,X and Y are unrelated,B,Database Management Systems,Functional Dependencies and Closure,4
A functional dependency X -> Y is trivial if:,2,Easy,0,MCQ,X is a subset of Y only when Y is a key,X and Y are disjoint,Y is a subset of X,X is a candidate key,C,Database Management Systems,Functional Dependencies and Closure,4
"If X -> Y and Y -> Z, then X -> Z. This rule is called:",2,Medium,0,MCQ,Reflexivity,Augmentation,Union,Transitivity,D,Database Management Systems,Functional Dependencies and Closure,4
"For R(A, B, C) with FDs A -> B and B -> C, the closure of {A} is:",2,Medium,0,MCQ,"{A, B, C}",{A},"{A, B}","{B, C}",A,Database Management Systems,Functional Dependencies and Closure,4
"R(A, B, C, D) has FDs AB -> C, C -> D and D -> A. How many candidate keys does R have?",3,Hard,0,MCQ,1,3,2,4,B,Database Management Systems,Functional Dependencies and Closure,4
Define functional dependency with an example.,3,Easy,0,SUBJECTIVE,,,,,,Database Management Systems,Functional Dependencies and Closure,4
"State Armstrong's axioms and the derived rules (union, decomposition, pseudotransitivity).",3,Medium,0,SUBJECTIVE,,,,,,Database Management Systems,Functional Dependencies and Closure,4
Explain the algorithm for computing attribute closure and use it to find candidate keys.,5,Medium,0,SUBJECTIVE,,,,,,Database Management Systems,Functional Dependencies and Closure,4
"R(A, B, C, D, E) has F = {A -> BC, CD -> E, B -> D, E -> A}. Find all candidate keys.",5,Hard,0,SUBJECTIVE,,,,,,Database Management Systems,Functional Dependencies and Closure,4
"Explain minimal (canonical) cover and compute it for F = {A -> BC, B -> C, A -> B, AB -> C}.",5,Hard,0,SUBJECTIVE,,,,,,Database Management Systems,Functional Dependencies and Closure,4
First normal form requires that:,2,Easy,0,MCQ,There is no partial dependency,There is no transitive dependency,All attribute values are atomic,There is no multivalued dependency,C,Database Management Systems,"First, Second and Third Normal Forms",4
Second normal form eliminates:,2,Easy,0,MCQ,Transitive dependencies,Multivalued dependencies,Join dependencies,Partial dependencies of non-prime attributes on a candidate key,D,Database Management Systems,"First, Second and Third Normal Forms",4
Third normal form eliminates:,2,Medium,0,MCQ,Transitive dependencies of non-prime attributes on the key,Partial dependencies only,All redundancy of every kind,Multivalued dependencies,A,Database Management Systems,"First, Second and Third Normal Forms",4
"R(A, B, C) has candidate key AB and the FD A -> C. R violates:",2,Medium,0,MCQ,1NF,2NF,Only 4NF,No normal form,B,Database Management Systems,"First, Second and Third Normal Forms",4
"R(A, B, C, D) has FDs A -> B, B -> C and C -> D. The highest normal form of R is:",3,Hard,0,MCQ,1NF,3NF,2NF,BCNF,C,Database Management Systems,"First, Second and Third Normal Forms",4
"Define 1NF, 2NF and 3NF.",3,Easy,0,SUBJECTIVE,,,,,,Database Management Systems,"First, Second and Third Normal Forms",4
Differentiate between partial and transitive dependencies with examples.,3,Medium,0,SUBJECTIVE,,,,,,Database Management Systems,"First, Second and Third Normal Forms",4
"Normalize STUDENT_COURSE(sid, sname, cid, cname, instructor, grade) up to 3NF, given sid -> sname, cid -> cname, instructor and (sid, cid) -> grade.",5,Medium,0,SUBJECTIVE,,,,,,Database Management Systems,"First, Second and Third Normal Forms",4
"Explain the 3NF synthesis algorithm and apply it to R(A, B, C, D) with F = {A -> B, B -> C, C -> D}.",5,Hard,0,SUBJECTIVE,,,,,,Database Management Systems,"First, Second and Third Normal Forms",4
Give an example of a relation in 3NF but not in BCNF and explain why.,5,Hard,0,SUBJECTIVE,,,,,,Database Management Systems,"First, Second and Third Normal Forms",4
A relation is in BCNF if:,2,Easy,0,MCQ,It has no NULLs,It has atomic values only,It has no foreign keys,Every determinant of a non-trivial FD is a superkey,D,Database Management Systems,BCNF and Properties of Decomposition,4
Every relation in BCNF is also in:,2,Easy,0,MCQ,3NF,Only 1NF,No other normal form necessarily,Only 5NF,A,Database Management Systems,BCNF and Properties of Decomposition,4
A decomposition of R into R1 and R2 is lossless if:,2,Medium,0,MCQ,R1 and R2 are disjoint,R1 intersect R2 functionally determines R1 or R2,R1 equals R2,R1 and R2 have no keys,B,Database Management Systems,BCNF and Properties of Decomposition,4
Dependency preservation means that:,2,Medium,0,MCQ,No FDs exist,Joins are always needed to check FDs,All original FDs can be enforced without joining decomposed relations,Only primary keys are kept,C,Database Management Systems,BCNF and Properties of Decomposition,4
"R(A, B, C) has FDs AB -> C and C -> B. R is in:",3,Hard,0,MCQ,BCNF,2NF but not 3NF,1NF only,3NF but not BCNF,D,Database Management Systems,BCNF and Properties of Decomposition,4
Define BCNF. In what way is it stricter than 3NF?,3,Easy,0,SUBJECTIVE,,,,,,Database Management Systems,BCNF and Properties of Decomposition,4
Define lossless-join decomposition and dependency preservation.,3,Medium,0,SUBJECTIVE,,,,,,Database Management Systems,BCNF and Properties of Decomposition,4
Explain the BCNF decomposition algorithm.,5,Medium,0,SUBJECTIVE,,,,,,Database Management Systems,BCNF and Properties of Decomposition,4
"R(A, B, C, D) has F = {A -> B, C -> D}. Decompose R into BCNF and verify that the decomposition is lossless.",5,Hard,0,SUBJECTIVE,,,,,,Database Management Systems,BCNF and Properties of Decomposition,4
"Use the chase (tableau) test to check whether the decomposition of R(A, B, C, D) into R1(A, B), R2(B, C) and R3(C, D) is lossless under F = {B -> C, C -> D}.",5,Hard,0,SUBJECTIVE,,,,,,Database Management Systems,BCNF and Properties of Decomposition,4
Fourth normal form deals with:,2,Easy,0,MCQ,Multivalued dependencies,Functional dependencies only,Partial dependencies,Transitive dependencies,A,Database Management Systems,"Multivalued Dependencies, 4NF and 5NF",4
A multivalued dependency from X to Y is written as:,2,Easy,0,MCQ,X -> Y,X ->> Y,X => Y,X == Y,B,Database Management Systems,"Multivalued Dependencies, 4NF and 5NF",4
A relation in BCNF that has a non-trivial multivalued dependency (not implied by a key) violates:,2,Medium,0,MCQ,3NF,2NF,4NF,1NF,C,Database Management Systems,"Multivalued Dependencies, 4NF and 5NF",4
Fifth normal form is also known as:,2,Medium,0,MCQ,Boyce-Codd Normal Form,Domain-Key Normal Form,Elementary key normal form,Project-Join Normal Form (PJNF),D,Database Management Systems,"Multivalued Dependencies, 4NF and 5NF",4
"In R(Course, Teacher, Book), each course has an independent set of teachers and an independent set of books. Which dependencies hold?",3,Hard,0,MCQ,Course ->> Teacher and Course ->> Book,Course -> Teacher only,Teacher -> Book,None of these,A,Database Management Systems,"Multivalued Dependencies, 4NF and 5NF",4
Define multivalued dependency with an example.,3,Easy,0,SUBJECTIVE,,,,,,Database Management Systems,"Multivalued Dependencies, 4NF and 5NF",4
Differentiate between BCNF and 4NF.,3,Medium,0,SUBJECTIVE,,,,,,Database Management Systems,"Multivalued Dependencies, 4NF and 5NF",4
"Decompose R(Course, Teacher, Book) into 4NF, assuming Course ->> Teacher and Course ->> Book.",5,Medium,0,SUBJECTIVE,,,,,,Database Management Systems,"Multivalued Dependencies, 4NF and 5NF",4
Explain join dependency and 5NF with the Supplier-Part-Project example.,5,Hard,0,SUBJECTIVE,,,,,,Database Management Systems,"Multivalued Dependencies, 4NF and 5NF",4
"Explain inclusion dependencies and domain-key normal form (DKNF), and where they are used in design.",5,Hard,0,SUBJECTIVE,,,,,,Database Management Systems,"Multivalued Dependencies, 4NF and 5NF",4
"In ACID, the letter A stands for:",2,Easy,0,MCQ,Atomicity,Accuracy,Access,Allocation,A,Database Management Systems,ACID Properties and Transaction States,5
The isolation property ensures that:,2,Easy,0,MCQ,Committed data survives failures,Concurrent transactions do not interfere with one another,All data is encrypted,Transactions run only once,B,Database Management Systems,ACID Properties and Transaction States,5
Durability is ensured mainly by the:,2,Medium,0,MCQ,Concurrency control manager,Schema designer,Recovery manager using logs,Query optimizer,C,Database Management Systems,ACID Properties and Transaction States,5
Which of the following is NOT a transaction state?,2,Medium,0,MCQ,Active,Partially committed,Failed,Compiled,D,Database Management Systems,ACID Properties and Transaction States,5
A transfer of 100 from account A to B fails after debiting A but before crediting B. Which property ensures the database returns to its earlier state?,3,Hard,0,MCQ,Atomicity,Isolation,Durability,Normalization,A,Database Management Systems,ACID Properties and Transaction States,5
Define a transaction and list the ACID properties.,3,Easy,0,SUBJECTIVE,,,,,,Database Management Systems,ACID Properties and Transaction States,5
Draw and explain the transaction state diagram.,3,Medium,0,SUBJECTIVE,,,,,,Database Management Systems,ACID Properties and Transaction States,5
Explain each ACID property with a bank-transfer example.,5,Medium,0,SUBJECTIVE,,,,,,Database Management Systems,ACID Properties and Transaction States,5
Which DBMS components ensure each ACID property? Explain the responsibilities of the recovery manager and the concurrency control manager.,5,Hard,0,SUBJECTIVE,,,,,,Database Management Systems,ACID Properties and Transaction States,5
"Explain dirty read, non-repeatable read and phantom read, and the SQL isolation levels that prevent each.",5,Hard,0,SUBJECTIVE,,,,,,Database Management Systems,ACID Properties and Transaction States,5
A schedule in which transactions run one after another with no interleaving is called:,2,Easy,0,MCQ,A concurrent schedule,A serial schedule,A cyclic schedule,A recovery schedule,B,Database Management Systems,Schedules and Serializability,5
"Two operations conflict if they belong to different transactions, access the same data item, and:",2,Easy,0,MCQ,Both are reads,They access different items,At least one of them is a write,They are both commits,C,Database Management Systems,Schedules and Serializability,5
A schedule is conflict serializable if its precedence graph:,2,Medium,0,MCQ,Contains a cycle,Is empty only,Is a complete graph,Has no cycle,D,Database Management Systems,Schedules and Serializability,5
"For n transactions, the number of possible serial schedules is:",2,Medium,0,MCQ,n!,n,2^n,n squared,A,Database Management Systems,Schedules and Serializability,5
A schedule is recoverable if:,3,Hard,0,MCQ,It contains no writes,No transaction commits until every transaction whose writes it read has committed,It contains no reads,All transactions commit at the same instant,B,Database Management Systems,Schedules and Serializability,5
"Define serial, non-serial and serializable schedules.",3,Easy,0,SUBJECTIVE,,,,,,Database Management Systems,Schedules and Serializability,5
Differentiate between conflict serializability and view serializability.,3,Medium,0,SUBJECTIVE,,,,,,Database Management Systems,Schedules and Serializability,5
Explain the precedence-graph test for conflict serializability.,5,Medium,0,SUBJECTIVE,,,,,,Database Management Systems,Schedules and Serializability,5
"Test whether the schedule r1(A), r2(A), w1(A), w2(A) is conflict serializable. Draw the precedence graph and justify.",5,Hard,0,SUBJECTIVE,,,,,,Database Management Systems,Schedules and Serializability,5
"Explain recoverable, cascadeless and strict schedules with examples and the relationship among them.",5,Hard,0,SUBJECTIVE,,,,,,Database Management Systems,Schedules and Serializability,5
A shared (S) lock on a data item allows a transaction to:,2,Easy,0,MCQ,Write the item,Delete the table,Read the item,Drop the database,C,Database Management Systems,Lock-Based Concurrency Control and Two-Phase Locking,5
An exclusive (X) lock on a data item allows:,2,Easy,0,MCQ,Reading by many transactions only,No operations,Only deletion,Both reading and writing by only one transaction,D,Database Management Systems,Lock-Based Concurrency Control and Two-Phase Locking,5
"In two-phase locking, once a transaction releases a lock it:",2,Medium,0,MCQ,Cannot acquire any new locks,Can acquire new locks freely,Must abort immediately,Must commit immediately,A,Database Management Systems,Lock-Based Concurrency Control and Two-Phase Locking,5
Strict two-phase locking holds all exclusive locks until the transaction:,2,Medium,0,MCQ,Reads the item,Commits or aborts,Writes the item,Starts,B,Database Management Systems,Lock-Based Concurrency Control and Two-Phase Locking,5
Which protocol guarantees conflict serializability but may still cause deadlock?,3,Hard,0,MCQ,Serial execution only,No locking,Two-phase locking,Timestamp ordering,C,Database Management Systems,Lock-Based Concurrency Control and Two-Phase Locking,5
What are shared and exclusive locks? Give the lock compatibility matrix.,3,Easy,0,SUBJECTIVE,,,,,,Database Management Systems,Lock-Based Concurrency Control and Two-Phase Locking,5
"Differentiate between basic 2PL, strict 2PL and rigorous 2PL.",3,Medium,0,SUBJECTIVE,,,,,,Database Management Systems,Lock-Based Concurrency Control and Two-Phase Locking,5
"Explain the two-phase locking protocol with its growing and shrinking phases, and show why it ensures serializability.",5,Medium,0,SUBJECTIVE,,,,,,Database Management Systems,Lock-Based Concurrency Control and Two-Phase Locking,5
Explain lock conversion (upgrade and downgrade) and its effect on concurrency with an example.,5,Hard,0,SUBJECTIVE,,,,,,Database Management Systems,Lock-Based Concurrency Control and Two-Phase Locking,5
Explain timestamp-based concurrency control and the Thomas write rule.,5,Hard,0,SUBJECTIVE,,,,,,Database Management Systems,Lock-Based Concurrency Control and Two-Phase Locking,5
A deadlock in a DBMS occurs when:,2,Easy,0,MCQ,Data is lost during a crash,The disk is full,A table is dropped,Transactions wait for each other's locks in a cycle,D,Database Management Systems,Deadlocks and Transaction Support in SQL,5
Which SQL command makes a transaction's changes permanent?,2,Easy,0,MCQ,COMMIT,ROLLBACK,SAVEPOINT,GRANT,A,Database Management Systems,Deadlocks and Transaction Support in SQL,5
A cycle in the wait-for graph of transactions indicates:,2,Medium,0,MCQ,A safe state,A deadlock,A serial schedule,A completed recovery,B,Database Management Systems,Deadlocks and Transaction Support in SQL,5
The SQL SAVEPOINT statement is used to:,2,Medium,0,MCQ,Permanently save all data,Drop a table,Mark a point within a transaction to which a partial rollback can be made,Grant privileges,C,Database Management Systems,Deadlocks and Transaction Support in SQL,5
"Under the SQL standard, which isolation level prevents dirty and non-repeatable reads but still allows phantom reads?",3,Hard,0,MCQ,READ UNCOMMITTED,SERIALIZABLE,READ COMMITTED,REPEATABLE READ,D,Database Management Systems,Deadlocks and Transaction Support in SQL,5
What is a deadlock in a DBMS? How is it detected?,3,Easy,0,SUBJECTIVE,,,,,,Database Management Systems,Deadlocks and Transaction Support in SQL,5
Differentiate between the wait-die and wound-wait schemes.,3,Medium,0,SUBJECTIVE,,,,,,Database Management Systems,Deadlocks and Transaction Support in SQL,5
"Explain deadlock prevention, detection and recovery in a DBMS.",5,Medium,0,SUBJECTIVE,,,,,,Database Management Systems,Deadlocks and Transaction Support in SQL,5
"Explain transaction support in SQL: START TRANSACTION, COMMIT, ROLLBACK, SAVEPOINT and isolation levels. Give an example.",5,Hard,0,SUBJECTIVE,,,,,,Database Management Systems,Deadlocks and Transaction Support in SQL,5
"Explain the factors affecting the performance of locking: lock granularity, multiple-granularity locking with intention locks, and blocking versus aborts.",5,Hard,0,SUBJECTIVE,,,,,,Database Management Systems,Deadlocks and Transaction Support in SQL,5
Log records in a DBMS are kept on:,2,Easy,0,MCQ,Stable storage,Volatile memory only,The CPU cache,Registers,A,Database Management Systems,Database Recovery,5
A checkpoint helps to:,2,Easy,0,MCQ,Increase the log size,Reduce the amount of work needed during recovery,Delete committed data,Disable logging,B,Database Management Systems,Database Recovery,5
"In write-ahead logging, the log record for an update must be written to stable storage:",2,Medium,0,MCQ,After the data page is written to disk,Never,Before the modified data page is written to disk,Only after the system crashes,C,Database Management Systems,Database Recovery,5
"During recovery, the UNDO operation is applied to:",2,Medium,0,MCQ,Transactions that committed before the crash,No transaction,All transactions without exception,Transactions that had not committed at the time of the crash,D,Database Management Systems,Database Recovery,5
"After a crash under immediate update, a transaction whose log contains both a start record and a commit record is:",3,Hard,0,MCQ,Redone,Undone,Ignored completely,Restarted from scratch,A,Database Management Systems,Database Recovery,5
What is a system log? What kinds of entries does it contain?,3,Easy,0,SUBJECTIVE,,,,,,Database Management Systems,Database Recovery,5
Differentiate between deferred update and immediate update recovery.,3,Medium,0,SUBJECTIVE,,,,,,Database Management Systems,Database Recovery,5
Explain write-ahead logging and checkpointing.,5,Medium,0,SUBJECTIVE,,,,,,Database Management Systems,Database Recovery,5
"Log (immediate update): <T1 start>, <T1,A,10,20>, <T1 commit>, <T2 start>, <T2,B,5,15>, <checkpoint>, <T3 start>, <T3,C,7,9>, <T2 commit>, then a crash. Determine which transactions are redone or undone, and explain.",5,Hard,0,SUBJECTIVE,,,,,,Database Management Systems,Database Recovery,5
"Explain shadow paging and compare it with log-based recovery. Briefly describe the analysis, redo and undo phases of ARIES and media recovery.",5,Hard,0,SUBJECTIVE,,,,,,Database Management Systems,Database Recovery,5
